
CREATE DATABASE EMPRESA_DB;
 
USE EMPRESA_DB;
GO
CREATE TABLE TB_CATEGORIA
(
	CategoriaId INT NOT NULL,
	Descricao VARCHAR(35) NOT NULL,
	CONSTRAINT PK_TB_CATEGORIAS_CATEGORIAID PRIMARY KEY(CategoriaId)
);
GO
CREATE TABLE TB_CLIENTE
(
	ClienteId CHAR(5) NOT NULL,
	NomeCompleto VARCHAR(70) NOT NULL,
	Contato VARCHAR(70) NOT NULL,
	Cargo VARCHAR(40) NOT NULL,
	CONSTRAINT PK_TB_CLIENTE_CLIENTEID PRIMARY KEY(ClienteId)
);
GO
CREATE TABLE TB_FUNCIONARIO
(
	FuncionarioId INT NOT NULL,
	NomeCompleto VARCHAR(70) NOT NULL,
	Cargo VARCHAR(50) NOT NULL,
	DataNascimento DATETIME2 NOT NULL,
	Salario MONEY NOT NULL,
	CONSTRAINT PK_TB_FUNCIONARIO_FUNCIONARIOID PRIMARY KEY(FuncionarioId)
);
GO
CREATE TABLE TB_FORNECEDOR
(
	FornecedorId INT NOT NULL,
	Empresa VARCHAR(70) NOT NULL,
	Contato VARCHAR(70) NOT NULL,
	Cargo VARCHAR(45) NOT NULL,
	CONSTRAINT PK_TB_FORNECEDOR_FORNECEDORID PRIMARY KEY(FornecedorId)
);
GO
CREATE TABLE TB_ENDERECO
(
	EnderecoId INT IDENTITY(1,1) NOT NULL,
	Logradouro VARCHAR(80) NOT NULL,
	Cidade VARCHAR(40) NOT NULL,
	CEP VARCHAR(40) NOT NULL,
	Pais VARCHAR(35) NOT NULL,
	Regiao VARCHAR(25) NULL,
	Telefone VARCHAR(35) NULL,
	ClienteId CHAR(5) NULL,
	FuncionarioId INT NULL,
	FornecedorId INT NULL,
	CONSTRAINT PK_TB_ENDERECO_ENDERECOID PRIMARY KEY(EnderecoId),
	CONSTRAINT FK_TB_ENDERECO_TB_CLIENTE_CLIENTEID FOREIGN KEY(ClienteId)
	REFERENCES TB_CLIENTE(ClienteId),
	CONSTRAINT FK_TB_ENDERECO_TB_FUNCIONARIO FOREIGN KEY(FuncionarioId)
	REFERENCES TB_FUNCIONARIO(FuncionarioId),
	CONSTRAINT FK_TB_ENDERECO_TB_FORNECEDOR FOREIGN KEY(FornecedorId)
	REFERENCES TB_FORNECEDOR(FornecedorId)
);
GO
CREATE TABLE TB_PEDIDO
(
	NumeroPedido INT NOT NULL,
	ClienteId CHAR(5) NOT NULL,
	FuncionarioId INT NOT NULL,
	DataPedido DATETIME2 NOT NULL,
	DataEntrega DATETIME2 NOT NULL,
	Frete MONEY NOT NULL,
	CONSTRAINT PK_TB_PEDIDO_NUMEROPEDIDO PRIMARY KEY(NumeroPedido),
	CONSTRAINT FK_TB_PEDIDO_TB_CLIENTE FOREIGN KEY (ClienteId)
	REFERENCES TB_CLIENTE(ClienteId),
	CONSTRAINT FK_TB_PEDIDO_TB_FUNCIONARIO FOREIGN KEY(FuncionarioId)
	REFERENCES TB_FUNCIONARIO(FuncionarioId)
);
GO
CREATE TABLE TB_PRODUTO
(
	ProdutoId INT NOT NULL,
	Descricao VARCHAR(70) NOT NULL,
	Preco MONEY NOT NULL,
	Unidades INT NOT NULL,
	Descontinuado BIT DEFAULT 0,
	FornecedorId INT NOT NULL,
	CategoriaId INT NOT NULL,
	CONSTRAINT PK_TB_PRODUTO_PRODUTOID PRIMARY KEY(ProdutoId),
	CONSTRAINT FK_TB_PRODUTO_TB_FORNECEDOR FOREIGN KEY(FornecedorId)
	REFERENCES TB_FORNECEDOR(FornecedorId),
	CONSTRAINT FK_TB_PRODUTO_TB_CATEGORIA FOREIGN KEY(CategoriaId)
	REFERENCES TB_CATEGORIA(CategoriaId)
);
GO
CREATE TABLE TB_DETALHE_PEDIDO
(
	NumeroPedido INT NOT NULL,
	ProdutoId INT NOT NULL,
	Preco MONEY NOT NULL,
	Quantidade INT NOT NULL,
	Desconto DECIMAL(3,2) DEFAULT 0,
	CONSTRAINT PK_DETALHE_PEDIDO PRIMARY KEY(NumeroPedido, ProdutoId),
	CONSTRAINT FK_TB_DETALHE_PEDIDO_TB_PRODUTO FOREIGN KEY(ProdutoId)
	REFERENCES TB_PRODUTO(ProdutoId),
	CONSTRAINT FK_TB_DETALHE_PEDIDO_TB_PEDIDO FOREIGN KEY(NumeroPedido)
	REFERENCES TB_PEDIDO(NumeroPedido)
);
GO
INSERT INTO TB_CATEGORIA
(CategoriaId, Descricao)
VALUES
(1,'Bebidas'),
(2,'Condimentos'),
(3,'Confeitos'),
(4,'Laticínios'),
(5,'Grãos/Cereais'),
(6,'Carnes/Aves'),
(7,'Hortigranjeiros'),
(8,'Frutos do Mar');
GO
INSERT INTO TB_CLIENTE
(ClienteId, NomeCompleto, Contato, Cargo)
VALUES
('ALFKI','Alfreds Futterkiste',	'Maria Anders',	'Representante de Vendas'),
('ANATR','Ana Trujillo Emparedados y helados','Ana Trujillo','Proprietário'),
('ANTON','Antonio Moreno Taquería','Antonio Moreno', 'Proprietário'),
('AROUT','Around the Horn','Thomas Hardy', 'Representante de Vendas'),
('BERGS','Berglunds snabbköp','Christina Berglund','Administrador de Pedidos'),
('BLAUS','Blauer See Delikatessen','Hanna Moos','Representante de Vendas'),
('BLONP','Blondel père et fils','Frédérique Citeaux','Gerente de Marketing'),
('BOLID','Bólido Comidas preparadas','Martín Sommer','Proprietário'),
('BONAP','Bon app','Laurence Lebihan','Proprietário'),
('BOTTM','Bottom-Dollar Markets','Elizabeth Lincoln','Gerente Financeiro'),
('BSBEV','B s Beverages','Victoria Ashworth','Representante de Vendas'),
('CACTU','Cactus Comidas para llevar','Patricio Simpson','Agente de Vendas'),
('CENTC','Centro comercial Moctezuma','Francisco Chang','Gerente de Marketing'),
('CHOPS','Chop-suey Chinese','Yang Wang','Proprietário'),
('COMMI','Comércio Mineiro','Pedro Afonso','Assessor de Vendas'),
('CONSH','Consolidated Holdings','Elizabeth Brown','Representante de Vendas'),
('DRACD','Drachenblut Delikatessen','Sven Ottlieb','Administrador de Pedidos'),
('DUMON','Du monde entier','Janine Labrune','Proprietário'),
('EASTC','Eastern Connection','Ann Devon','Agente de Vendas'),
('ERNSH','Ernst Handel','Roland Mendel','Gerente de Vendas'),
('FAMIA','Familia Arquibaldo','Aria Cruz','Assistente de Marketing'),
('FISSA','FISSA Fabrica Inter. Salchichas S.A.','Diego Roel','Gerente Financeiro'),
('FOLIG','Folies gourmandes','Martine Rancé','Assistente do Agente de Vendas'),
('FOLKO','Folk och fä HB','Maria Larsson','Proprietário'),
('FRANK','Frankenversand','Peter Franken','Gerente de Marketing'),
('FRANR','France restauration','Carine Schmitt','Gerente de Marketing'),
('FRANS','Franchi S.p.A.','Paolo Accorti','Representante de Vendas'),
('FURIB','Furia Bacalhau e Frutos do Mar','Lino Rodriguez ','Gerente de Vendas'),
('GALED','Galería del gastrónomo','Eduardo Saavedra','Gerente de Marketing'),
('GODOS','Godos Cocina Típica','José Pedro Freyre','Gerente de Vendas'),
('GOURL','Gourmet Lanchonetes','André Fonseca','Assessor de Vendas'),
('GREAL','Great Lakes Food Market','Howard Snyder','Gerente de Marketing'),
('GROSR','GROSELLA-Restaurante','Manuel Pereira','Proprietário'),
('HANAR','Hanari Carnes','Mario Pontes','Gerente Financeiro'),
('HILAA','HILARIÓN-Abastos','Carlos Hernández','Representante de Vendas'),
('HUNGC','Hungry Coyote Import Store','Yoshi Latimer','Representante de Vendas'),
('HUNGO','Hungry Owl All-Night Grocers','Patricia McKenna','Assessor de Vendas'),
('ISLAT','Island Trading','Helen Bennett','Gerente de Marketing'),
('KOENE','Königlich Essen','Philip Cramer','Assessor de Vendas'),
('LACOR','La corne d abondance','Daniel Tonini','Representante de Vendas'),
('LAMAI','La maison d Asie','Annette Roulet','Gerente de Vendas'),
('LAUGB','Laughing Bacchus Wine','Cellars	Yoshi Tannamuri','Assistente de Marketing'),
('LAZYK','Lazy K Kountry Store','John Steel','Gerente de Marketing'),
('LEHMS','Lehmanns Marktstand','Renate Messner','Representante de Vendas'),
('LETSS','Let s Stop N ','Jaime Yorres','Proprietário'),
('LILAS','LILA-Supermercado','Carlos González','Gerente Financeiro'),
('LINOD','LINO-Delicateses','Felipe Izquierdo','Proprietário'),
('LONEP','Lonesome Pine Restaurant','Fran Wilson','Gerente de Vendas'),
('MAGAA','Magazzini Alimentari Riuniti','Giovanni Rovelli','Gerente de Marketing'),
('MAISD','Maison Dewey','Catherine Dewey','Agente de Vendas'),
('MEREP','Mère Paillarde','Jean Fresnière','Assistente de Marketing'),
('MORGK','Morgenstern Gesundkost','Alexander Feuer','Assistente de Marketing'),
('NORTS','North/South','Simon Crowther','Assessor de Vendas'),
('OCEAN','Océano Atlántico Ltda.','Yvonne Moncada','Agente de Vendas'),
('OLDWO','Old World Delicatessen','Rene Phillips','Representante de Vendas'),
('OTTIK','Ottilies Käseladen','Henriette Pfalzheim','Proprietário'),
('PARIS','Paris spécialités','Marie Bertrand','Proprietário'),
('PERIC','Pericles Comidas clásicas','Guillermo Fernández','Representante de Vendas'),
('PICCO','Piccolo und mehr','Georg Pipps','Gerente de Vendas'),
('PRINI','Princesa Isabel Vinhos','Isabel de Castro','Representante de Vendas'),
('QUEDE','Que Delícia','Bernardo Batista','Gerente Financeiro'),
('QUEEN','Queen Cozinha','Lúcia Carvalho','Assistente de Marketing'),
('QUICK','QUICK-Stop','Horst Kloss','Gerente Financeiro'),
('RANCH','Rancho grande','Sergio Gutiérrez','Representante de Vendas'),
('RATTC','Rattlesnake Canyon Grocery','Paula Wilson','Assistente do Repr. de Vendas'),
('REGGC','Reggiani Caseifici','Maurizio Moroni','Assessor de Vendas'),
('RICAR','Ricardo Adocicados','Janete Limeira','Assistente do Agente de Vendas'),
('RICSU','Richter Supermarkt','Michael Holz','Gerente de Vendas'),
('ROMEY','Romero y tomillo','Alejandra Camino','Gerente Financeiro'),
('SANTG','Santé Gourmet','Jonas Bergulfsen','Proprietário'),
('SAVEA','Save-a-lot Markets','Jose Pavarotti','Representante de Vendas'),
('SEVES','Seven Seas Imports','Hari Kumar','Gerente de Vendas'),
('SIMOB','Simons bistro','Jytte Petersen','Proprietário'),
('SPECD','Spécialités du monde','Dominique Perrier','Gerente de Marketing'),
('SPLIR','Split Rail Beer & Ale','Art Braunschweiger','Gerente de Vendas'),
('SUPRD','Suprêmes délices','Pascale Cartrain','Gerente Financeiro'),
('THEBI','The Big Cheese','Liz Nixon','Gerente de Marketing'),
('THECR','The Cracker Box','Liu Wong','Assistente de Marketing'),
('TOMSP','Toms Spezialitäten','Karin Josephs','Gerente de Marketing'),
('TORTU','Tortuga Restaurante','Miguel Angel Paolino','Proprietário'),
('TRADH','Tradição Hipermercados','Anabela Domingues','Representante de Vendas'),
('TRAIH','Trail s Head Gourmet Provisioners','Helvetius Nagy','Assessor de Vendas'),
('VAFFE','Vaffeljernet','Palle Ibsen','Gerente de Vendas'),
('VICTE','Victuailles en stock','Mary Saveley','Agente de Vendas'),
('VINET','Vins et alcools Chevalier','Paul Henriot','Gerente Financeiro'),
('WANDK','Die Wandernde Kuh','Rita Müller','Representante de Vendas'),
('WARTH','Wartian Herkku','Pirkko Koskitalo','Gerente Financeiro'),
('WELLI','Wellington Importadora','Paula Parente','Gerente de Vendas'),
('WHITC','White Clover Markets','Karl Jablonski','Proprietário'),
('WILMK','Wilman Kala','Matti Karttunen','Proprietário/Assist. Marketing'),
('WOLZA','Wolski  Zajazd','Zbyszek Piestrzeniewicz','Proprietário');
GO
INSERT INTO TB_FUNCIONARIO
(FuncionarioId, NomeCompleto, Cargo, DataNascimento, Salario)
VALUES
(1,	'Nancy Davolio','Representante de Vendas','1968-12-08',5000.00),
(2,	'Andrew Fuller','Vice-Presidente de Vendas','1952-02-19',10000.00),
(3,	'Janet Leverling','Representante de Vendas','1963-08-30',12000.00),
(4,	'Margaret Peacock','Representante de Vendas','1958-09-19',4500.00),
(5,	'Steven Buchanan','Gerente de Vendas','1955-03-04',11000.00),
(6,	'Michael Suyama','Coordenador de RH','1963-07-02',8000.00),
(7,	'Robert King','Representante de Vendas','1960-05-29',11500.00),
(8,	'Laura Callahan','Coordenador de Vendas Internas','1958-01-09',9500.00),
(9,	'Anne Dodsworth','Representante de Vendas','1969-07-02',4000.00)
GO
INSERT INTO TB_FORNECEDOR
(FornecedorId, Empresa, Contato, Cargo)
VALUES
(1,	'Exotic Liquids','Charlotte Cooper','Gerente de Encomendas'),
(2,	'New Orleans Cajun Delights','Shelley Burke','Administrador de Pedidos'),
(3,	'Grandma Kelly s Homestead','Regina Murphy','Representante de Vendas'),
(4,	'Tokyo Traders','Yoshi Nagase','Gerente de Marketing'),
(5,	'Cooperativa de Quesos Las Cabras','Antonio del Valle Saavedra','Administrador de Exportação'),
(6,	'Mayumi s','Mayumi Ohno','Representante de Marketing'),
(7,	'Pavlova, Ltd.','Ian Devling','Gerente de Marketing'),
(8,	'Specialty Biscuits, Ltd.','Peter Wilson','Representante de Vendas'),
(9,	'PB Knäckebröd AB','Lars Peterson','Agente de Vendas'),
(10,'Refrescos Americanas LTDA','Carlos Diaz','Gerente de Marketing'),
(11,'Heli Süßwaren GmbH & Co. KG','Petra Winkler','Gerente de Vendas'),
(12,'Plutzer Lebensmittelgroßmärkte AG','Martin Bein','Ger. Marketing Internacional'),
(13,'NordOst-Fisch Handelsgesellschaft mbH','Sven Petersen','Coord. Mercados Estrangeiros'),
(14,'Formaggi Fortini s.r.l.','Elio Rossi','Representante de Vendas'),
(15,'Norske Meierier','Beate Vileid','Gerente de Marketing'),
(16,'Bigfoot Breweries','Cheryl Saylor','Rep. Financeiro Local'),
(17,'Svensk Sjöföda AB','Michael Björn','Representante de Vendas'),
(18,'Aux joyeux ecclésiastiques','Guylène Nodier','Gerente de Vendas'),
(19,'New England Seafood Cannery','Robb Merchant','Agente Financeiro de Atacado'),
(20,'Leka Trading','Chandra Leka','Proprietário'),
(21,'Lyngbysild	Niels','Petersen','Gerente de Vendas'),
(22,'Zaanse Snoepfabriek','Dirk Luchte','Gerente Financeiro'),
(23,'Karkki Oy','Anne Heikkonen','Gerente do Produto'),
(24,'G day, Mate','Wendy Mackenzie','Representante de Vendas'),
(25,'Ma Maison','Jean-Guy Lauzon','Gerente de Marketing'),
(26,'Pasta Buttini s.r.l.','Giovanni Giudici','Administrador de Pedidos'),
(27,'Escargots ','Marie Delamare','Gerente de Vendas'),
(28,'Gai pâturage','Eliane Noz','Representante de Vendas'),
(29,'Forêts d érables','Chantal Goulet','Gerente Financeiro')
GO
INSERT INTO TB_ENDERECO
(ClienteId, Logradouro, Cidade, Regiao, CEP, Pais, Telefone)
VALUES
('ALFKI','Obere Str. 57','Berlin','N/C','12209','Alemanha','030-0074321'),
('ANATR','Avda. de la Constitución 2222','México D.F.','N/C','05021','México','(5) 555-4729'),
('ANTON','Mataderos  2312','México D.F.','N/C','05023','México','(5) 555-3932'),
('AROUT','120 Hanover Sq.','London','N/C','WA1 1DP','Reino Unido','(171) 555-7788'),
('BERGS','Berguvsvägen  8','Luleå','N/C','S-958 22','Suécia','0921-12 34 65'),
('BLAUS','Forsterstr. 57','Mannheim','N/C','68306','Alemanha','0621-08460'),
('BLONP','24, place Kléber','Strasbourg','N/C','67000','França','88.60.15.31'),
('BOLID','C/ Araquil, 67','Madrid','N/C','28023','Espanha','(91) 555 22 82'),
('BONAP','12, rue des Bouchers','Marseille','N/C','13008','França','91.24.45.40'),
('BOTTM','23 Tsawassen Blvd.','Tsawassen','BC','T2F8M4','Canadá','(604) 555-4729'),
('BSBEV','Fauntleroy Circus','London','N/C','EC25NT','Reino Unido','(171) 555-1212'),
('CACTU','Cerrito 333','Buenos Aires','N/C','1010','Argentina','(1) 135-5555'),
('CENTC','Sierras de Granada 9993','México D.F.','N/C','05022','México','(5) 555-3392'),
('CHOPS','Hauptstr. 29','Bern','N/C','3012','Suíça','0452076545'),
('COMMI','Av. dos Lusíadas, 23','São Paulo','SP','05432-043','Brasil','(11) 555-7647'),
('CONSH','Berkeley Gardens 12 Brewery','London','N/C','WX16LT','Reino Unido','(171) 555-2282'),
('DRACD','Walserweg   21','Aachen','N/C','52066','Alemanha','0241-039123'),
('DUMON','67, rue des Cinquante Otages','Nantes','N/C','44000','França','40.67.88.88'),
('EASTC','35 King George','London','N/C','WX36FW','Reino Unido','(171) 555-0297'),
('ERNSH','Kirchgasse 6','Graz','N/C','8010','Áustria','7675-3425'),
('FAMIA','Rua Orós, 92','São Paulo','SP','05442-030','Brasil','(11) 555-9857'),
('FISSA','C/ Moralzarzal, 86','Madrid','N/C','28034','Espanha','(91) 555 94 44'),
('FOLIG','184, chaussée de Tournai','Lille','N/C','59000','França','20.16.10.16'),
('FOLKO','Åkergatan 24','Bräcke','N/C','S-84467','Suécia','0695-34 67 21'),
('FRANK','Berliner Platz 43','München','N/C','80805','Alemanha','089-0877310'),
('FRANR','54, rue Royale','Nantes','N/C','44000','França','40.32.21.21'),
('FRANS','Via Monte Bianco 34','Torino','N/C','10100','Itália','011-4988260'),
('FURIB','Jardim das rosas n. 32','Lisboa','N/C','1675','Portugal','(1) 354-2534'),
('GALED','Rambla de Cataluña, 23','Barcelona','N/C','08022','Espanha','(93) 203 4560'),
('GODOS','C/ Romero, 33','Sevilla','N/C','41101','Espanha','(95) 555 82 82'),
('GOURL','Av. Brasil, 442','Campinas','SP','04876-786','Brasil','(11) 555-9482'),
('GREAL','2732 Baker Blvd.','Eugene','OR','97403','EUA','(503) 555-7555'),
('GROSR','5ª Ave. Los Palos Grandes','Caracas','DF','1081','Venezuela','(2) 283-2951'),
('HANAR','Rua do Paço, 67','Rio de Janeiro','RJ','05454-876','Brasil','(21) 555-0091'),
('HILAA','Carrera 22 con Ave. Carlos Soublette','San Cristóbal','Tach','5022','Venezuela','(5)555-1340'),
('HUNGC','City Center Plaza 516 Main St.','Elgin','OR','97827','EUA','(503)555-6874'),
('HUNGO','8 Johnstown Road','Cork','Cok','N/C','Irlanda','2967542'),
('ISLAT','Garden House Crowther Way','Cowes','Isle of Wigth','PO317PJ','Reino Unido','(198)555-8888'),
('KOENE','Maubelstr. 90','Brandenburg','N/C','14776','Alemanha','0555-09876'),
('LACOR','67, avenue de l Europe','Versailles','N/C','78000','França','30.59.84.10'),
('LAMAI','1 rue AlsaceLorraine','Toulouse','N/C','31000','França','61.77.61.10'),
('LAUGB','1900 Oak St.	Vancouver','BC','V3F','2K1','Canadá','(604)555-3392'),
('LAZYK','12 Orchestra Terrace	Walla','Walla','WA','99362','EUA','(509)555-7969'),
('LEHMS','Magazinweg 7','Frankfurt a.M.','N/C','60528','Alemanha','069-0245984'),
('LETSS','87 Polk St. Suite 5','San Francisco','CA','94117','EUA','(415)555-5938'),
('LILAS','Carrera 52 con Ave. Bolívar #65-98 Llano Largo','Barquisimeto','Lara','3508','Venezuela','(9)331-6954'),
('LINOD','Ave. 5 de Mayo Porlamar','I. de Margarita	Nueva','Esparta','4980','Venezuela','(8)34-56-12'),
('LONEP','89 Chiaroscuro Rd.','Portland','OR','97219','EUA','(503)555-9573'),
('MAGAA','Via Ludovico il Moro 22','Bergamo','N/C','24100','Itália','035-640230'),
('MAISD','Rue Joseph-Bens 532','Bruxelles','N/C','B-1180','Bélgica','(02)201 24 67'),
('MEREP','43 rue St. Laurent Montréal','Québec','H1J','1C3','Canadá','(514)555-8054'),
('MORGK','Heerstr. 22','Leipzig','N/C','04179','Alemanha','0342-023176'),
('NORTS','South House 300 Queensbridge','London','N/C','SW71RZ','Reino Unido','(171)555-7733'),
('OCEAN','Ing. Gustavo Moncada 8585 Piso 20-A','Buenos Aires','N/C','1010','Argentina','(1)135-5333'),
('OLDWO','2743 Bering St.','Anchorage','AK','99508','EUA','(907)555-7584'),
('OTTIK','Mehrheimerstr. 369','Köln','N/C','50739','Alemanha','0221-0644327'),
('PARIS','265, boulevard Charonne','Paris','N/C','75012','França','(1)42.34.22.66'),
('PERIC','Calle Dr. Jorge Cash 321','México D.F.','N/C','05033','México','(5)552-3745'),
('PICCO','Geislweg 14','Salzburg','N/C','5020','Áustria','6562-9722'),
('PRINI','Estrada da saúde n.58','Lisboa','N/C','1756','Portugal','(1)356-5634'),
('QUEDE','Rua da Panificadora, 12','Rio de Janeiro','RJ','02389-673','Brasil','(21)555-4252'),
('QUEEN','Alameda dos Canàrios, 891','São Paulo','SP','05487-020','Brasil','(11)555-1189'),
('QUICK','Taucherstraße 10','Cunewalde','N/C','01307','Alemanha','0372-035188'),
('RANCH','Av. del Libertador 900','Buenos Aires','N/C','1010','Argentina','(1)123-5555'),
('RATTC','2817 Milton Dr.','Albuquerque','NM','87110','EUA','(505)555-5939'),
('REGGC','Strada Provinciale 124','Reggio Emilia','N/C','42100','Itália','0522-556721'),
('RICAR','Av. Copacabana, 267','Rio de Janeiro','RJ','02389-890','Brasil','(21)555-3412'),
('RICSU','Grenzacherweg 237','Genève','N/C','1203','Suíça','0897-034214'),
('ROMEY','Gran Vía, 1','Madrid','N/C','28001','Espanha','(91)745 6200'),
('SANTG','Erling Skakkes gate 78','Stavern','N/C','4110','Noruega','07-98 92 35'),
('SAVEA','187 Suffolk Ln.','Boise','ID','83720','EUA','(208)555-8097'),
('SEVES','90 Wadhurst Rd.','London','N/C','OX154NB','Reino Unido','(171)555-1717'),
('SIMOB','Vinbæltet 34','København','N/C','1734','Dinamarca','31 12 34 56'),
('SPECD','25, rue Lauriston','Paris','N/C','75016','França','(1)47.55.60.10'),
('SPLIR','P.O. Box 555','Lander','WY','82520','EUA','(307)555-4680'),
('SUPRD','Boulevard Tirou, 255','Charleroi','N/C','B-6000','Bélgica','(071)23672220'),
('THEBI','89 Jefferson Way Suite 2','Portland','OR','97201','EUA','(503)555-3612'),
('THECR','55 Grizzly Peak Rd.','Butte','MT','59801','EUA','(406)555-5834'),
('TOMSP','Luisenstr. 48','Münster','N/C','44087','Alemanha','0251-031259'),
('TORTU','Avda. Azteca 123','México D.F.','N/C','05033','México','(5)555-2933'),
('TRADH','Av. Inês de Castro, 414','São Paulo','SP','05634-030','Brasil','(11)555-2167'),
('TRAIH','722 DaVinci Blvd.','Kirkland','WA','98034','EUA','(206)555-8257'),
('VAFFE','Smagsløget 45','Århus','N/C','8200','Dinamarca','86 21 32 43'),
('VICTE','2, rue du Commerce','Lyon','N/C','69004','França','78.32.54.86'),
('VINET','59 rue de l Abbaye','Reims','N/C','51100','França','26.47.15.10'),
('WANDK','Adenauerallee 900','Stuttgart','N/C','70563','Alemanha','0711-020361'),
('WARTH','Torikatu 38','Oulu','N/C','90110','Finlândia','981-443655'),
('WELLI','Rua do Mercado, 12','Resende','SP','08737-363','Brasil','(14)555-8122'),
('WHITC','305 - 14th Ave. S. Suite 3B','Seattle','WA','98128','EUA','(206)555-4112'),
('WILMK','Keskuskatu 45','Helsinki','N/C','21240','Finlândia','90-224 8858'),
('WOLZA','ul. Filtrowa 68','Warszawa','N/C','01-012','Polônia','(26)642-7012');
GO
INSERT INTO TB_ENDERECO
(FuncionarioId, Logradouro, Cidade, CEP, Pais, Telefone)
VALUES
(1,'507 - 20th Ave. E.Apt. 2A','Seattle','98122','EUA','(206)555-9857'),
(2,'908 W. Capital Way','Tacoma','98401','EUA','(206)555-9482'),
(3,'722 Moss Bay Blvd.','Kirkland','98033','EUA','(206)555-3412'),
(4,'4110 Old Redmond Rd.','Redmond','98052','EUA','(206)555-8122'),
(5,'14 Garrett Hill','London','SW18JR','Reino Unido','(71)555-4848'),
(6,'Coventry House Miner Rd.','London','EC27JR','Reino Unido','(71)555-7773'),
(7,'Edgeham Hollow Winchester Way','London','RG19SP','Reino Unido','(71)555-5598'),
(8,'4726 - 11th Ave. N.E.','Seattle','98105','EUA','(206)555-1189'),
(9,'7 Houndstooth Rd.','London','WG27LT','Reino Unido','(71)555-4444');
GO
INSERT INTO TB_ENDERECO
(FornecedorId, Logradouro, Cidade, CEP, Pais, Telefone)
VALUES
(1,'49 Gilbert St.','London','EC14SD','Reino Unido','12332124'),
(2,'P.O. Box 78934','New Orleans','70117','EUA','1239908'),
(3,'707 Oxford Rd.','Ann Arbor','48104','EUA','4456785'),
(4,'9-8 SekimaiMusashinoshi','Tokyo','100','Japão','12344009'),
(5,'Calle del Rosal 4','Oviedo','33007','Espanha','444678909'),
(6,'92 Setsuko Chuoku','Osaka','545','Japão','111234345'),
(7,'74 Rose St.Moonie Ponds','Melbourne','3058','Austrália','777876566'),
(8,'29 King s Way','Manchester','M14GSD','Reino Unido','999864566'),
(9,'Kaloadagatan 13','Göteborg','S-34567','Suécia','2234300978'),
(10,'Av. das Americanas 12.890','São Paulo','5442','Brasil','112324565'),
(11,'Tiergartenstraße 5','Berlin','10785','Alemanha','123336567'),
(12,'Bogenallee 51','Frankfurt','60439','Alemanha','77865544'),
(13,'Frahmredder 112a','Cuxhaven','27478','Alemanha','121223444'),
(14,'Viale Dante, 75','Ravenna','48100','Itália','12212122'),
(15,'Hatlevegen 5','Sandvika','1320','Noruega','88767666'),
(16,'3400 - 8th AvenueSuite 210','Bend','97101','EUA','223334445'),
(17,'Brovallavägen 231','Stockholm','S12345','Suécia','7766565644'),
(18,'203, Rue des FrancsBourgeois','Paris','75004','França','3344567755'),
(19,'Order Processing Dept.2100 Paul Revere Blvd.','Boston','02134','EUA','3343445566'),
(20,'471 Serangoon Loop, Suite #402','Singapore','0512','Cingapura','6567654433'),
(21,'LyngbysildFiskebakken 10','Lyngby','2800','Dinamarca','776763344'),
(22,'VerkoopRijnweg 22','Zaandam','9999ZZ','Paises Baixos','343222333'),
(23,'Valtakatu 12','Lappeenranta','53120','Finlândia','4455656555'),
(24,'170 Prince Edward ParadeHunter s Hill','Sydney','2042','Austrália','1133444467'),
(25,'2960 Rue St. Laurent','Montréal','H1J1C3','Canadá','333434333'),
(26,'Via dei Gelsomini, 153','Salerno','84100','Itália','77564432343'),
(27,'22, rue H. Voiron','Montceau','71300','França','2323333433'),
(28,'Bat. B3, rue des Alpes','Annecy','74000','França','43453444553'),
(29,'148 rue Chasseur','Ste-Hyacinthe','J2S7S8','Canadá','3453343445');
GO
INSERT INTO TB_PEDIDO
(NumeroPedido, ClienteId, FuncionarioId, DataPedido, DataEntrega, Frete)
VALUES
(10248,	'VINET', 2,	'1996-07-04', '1996-08-01',	32.38),
(10249,	'TOMSP', 6,	'1996-07-05', '1996-08-16',	11.61),
(10250,	'HANAR', 4,	'1996-07-08', '1996-08-05',	65.83),
(10251,	'VICTE', 3,	'1996-07-08', '1996-08-05',	41.34),
(10252,	'SUPRD', 4,	'1996-07-09', '1996-08-06',	51.30),
(10253,	'HANAR', 3,	'1996-07-10', '1996-07-24',	58.17),
(10254,	'CHOPS', 5,	'1996-07-11', '1996-08-08',	22.98),
(10255,	'RICSU', 9,	'1996-07-12', '1996-08-09',	148.33),
(10256,	'WELLI', 3,	'1996-07-15', '1996-08-12',	13.97),
(10257,	'HILAA', 4,	'1996-07-16', '1996-08-13',	81.91),
(10258,	'ERNSH', 1,	'1996-07-17', '1996-08-14',	140.51),
(10259,	'CENTC', 4,	'1996-07-18', '1996-08-15',	3.25),
(10260,	'OTTIK', 4,	'1996-07-19', '1996-08-16',	55.09),
(10261,	'QUEDE', 4,	'1996-07-19', '1996-08-16',	3.05),
(10262,	'RATTC', 8,	'1996-07-22', '1996-08-19',	48.29),
(10263,	'ERNSH', 9,	'1996-07-23', '1996-08-20',	146.06),
(10264,	'FOLKO', 6,	'1996-07-24', '1996-08-21',	3.67),
(10265,	'BLONP', 7,	'1996-07-25', '1996-08-22',	55.28),
(10266,	'WARTH', 3,	'1996-07-26', '1996-09-06',	25.73),
(10267,	'FRANK', 4,	'1996-07-29', '1996-08-26',	208.58),
(10268,	'GROSR', 8,	'1996-07-30', '1996-08-27',	66.29),
(10269,	'WHITC', 5,	'1996-07-31', '1996-08-14',	4.56),
(10270,	'WARTH', 1,	'1996-08-01', '1996-08-29',	136.54),
(10271,	'SPLIR', 6,	'1996-08-01', '1996-08-29',	4.54),
(10272,	'RATTC', 6,	'1996-08-02', '1996-08-30',	98.03),
(10273,	'QUICK', 3,	'1996-08-05', '1996-09-02',	76.07),
(10274,	'VINET', 6,	'1996-08-06', '1996-09-03',	6.01),
(10275,	'MAGAA', 1,	'1996-08-07', '1996-09-04',	26.93),
(10276,	'TORTU', 8,	'1996-08-08', '1996-08-22',	13.84),
(10277,	'MORGK', 9,	'1996-08-09', '1996-09-06',	125.77),
(10278,	'BERGS', 8,	'1996-08-12', '1996-09-09',	92.69),
(10279,	'LEHMS', 8,	'1996-08-13', '1996-09-10',	25.83),
(10280,	'BERGS', 7,	'1996-08-14', '1996-09-11',	8.98),
(10281,	'ROMEY', 4,	'1996-08-14', '1996-08-28',	2.94),
(10282,	'ROMEY', 4,	'1996-08-15', '1996-09-12',	12.69),
(10283,	'LILAS', 3,	'1996-08-16', '1996-09-13',	84.81),
(10284,	'LEHMS', 4,	'1996-08-19', '1996-09-16',	76.56),
(10285,	'QUICK', 1,	'1996-08-20', '1996-09-17',	76.83),
(10286,	'QUICK', 8,	'1996-08-21', '1996-09-18',	229.24),
(10287,	'RICAR', 8,	'1996-08-22', '1996-09-19',	12.76),
(10288,	'REGGC', 4,	'1996-08-23', '1996-09-20',	7.45),
(10289,	'BSBEV', 7,	'1996-08-26', '1996-09-23',	22.77),
(10290,	'COMMI', 8,	'1996-08-27', '1996-09-24',	79.70),
(10291,	'QUEDE', 6,	'1996-08-27', '1996-09-24',	6.40),
(10292,	'TRADH', 1,	'1996-08-28', '1996-09-25',	1.35),
(10293,	'TORTU', 1,	'1996-08-29', '1996-09-26',	21.18),
(10294,	'RATTC', 4,	'1996-08-30', '1996-09-27',	147.26),
(10295,	'VINET', 9,	'1996-09-02', '1996-09-30',	1.15),
(10296,	'LILAS', 6,	'1996-09-03', '1996-10-01',	0.12),
(10297,	'BLONP', 5,	'1996-09-04', '1996-10-16',	5.74),
(10298,	'HUNGO', 6,	'1996-09-05', '1996-10-03',	168.22),
(10299,	'RICAR', 4,	'1996-09-06', '1996-10-04',	29.76),
(10300,	'MAGAA', 9,	'1996-09-09', '1996-10-07',	17.68),
(10301,	'WANDK', 8,	'1996-09-09', '1996-10-07',	45.08),
(10302,	'SUPRD', 4,	'1996-09-10', '1996-10-08',	6.27),
(10303,	'GODOS', 7,	'1996-09-11', '1996-10-09',	107.83),
(10304,	'TORTU', 1,	'1996-09-12', '1996-10-10',	63.79),
(10305,	'OLDWO', 8,	'1996-09-13', '1996-10-11',	257.62),
(10306,	'ROMEY', 1,	'1996-09-16', '1996-10-14',	7.56),
(10307,	'LONEP', 7,	'1996-09-17', '1996-10-15',	0.56),
(10308,	'ANATR', 7,	'1996-09-18', '1996-10-16',	1.61),
(10309,	'HUNGO', 3,	'1996-09-19', '1996-10-17',	47.30),
(10310,	'THEBI', 8,	'1996-09-20', '1996-10-18',	17.52),
(10311,	'DUMON', 1,	'1996-09-20', '1996-10-04',	24.69),
(10312,	'WANDK', 7,	'1996-09-23', '1996-10-21',	40.26),
(10313,	'QUICK', 9,	'1996-09-24', '1996-10-22',	1.96),
(10314,	'RATTC', 1,	'1996-09-25', '1996-10-23',	74.16),
(10315,	'ISLAT', 4,	'1996-09-26', '1996-10-24',	41.76),
(10316,	'RATTC', 1,	'1996-09-27', '1996-10-25',	150.15),
(10317,	'LONEP', 6,	'1996-09-30', '1996-10-28',	12.69),
(10318,	'ISLAT', 8,	'1996-10-01', '1996-10-29',	4.73),
(10319,	'TORTU', 7,	'1996-10-02', '1996-10-30',	64.50),
(10320,	'WARTH', 5,	'1996-10-03', '1996-10-17',	34.57),
(10321,	'ISLAT', 3,	'1996-10-03', '1996-10-31',	3.43),
(10322,	'PERIC', 7,	'1996-10-04', '1996-11-01',	0.40),
(10323,	'KOENE', 4,	'1996-10-07', '1996-11-04',	4.88),
(10324,	'SAVEA', 9,	'1996-10-08', '1996-11-05',	214.27),
(10325,	'KOENE', 1,	'1996-10-09', '1996-10-23',	64.86),
(10326,	'BOLID', 4,	'1996-10-10', '1996-11-07',	77.92),
(10327,	'FOLKO', 7,	'1996-10-11', '1996-11-08',	63.36),
(10328,	'FURIB', 4,	'1996-10-14', '1996-11-11',	87.03),
(10329,	'SPLIR', 4,	'1996-10-15', '1996-11-26',	191.67),
(10330,	'LILAS', 3,	'1996-10-16', '1996-11-13',	12.75),
(10331,	'BONAP', 9,	'1996-10-16', '1996-11-27',	10.19),
(10332,	'MEREP', 3,	'1996-10-17', '1996-11-28',	52.84),
(10333,	'WARTH', 5,	'1996-10-18', '1996-11-15',	0.59),
(10334,	'VICTE', 8,	'1996-10-21', '1996-11-18',	8.56),
(10335,	'HUNGO', 7,	'1996-10-22', '1996-11-19',	42.11),
(10336,	'PRINI', 7,	'1996-10-23', '1996-11-20',	15.51),
(10337,	'FRANK', 4,	'1996-10-24', '1996-11-21',	108.26),
(10338,	'OLDWO', 4,	'1996-10-25', '1996-11-22',	84.21),
(10339,	'MEREP', 9,	'1996-10-28', '1996-11-25',	15.66),
(10340,	'BONAP', 1,	'1996-10-29', '1996-11-26',	166.31),
(10341,	'SIMOB', 7,	'1996-10-29', '1996-11-26',	26.78),
(10342,	'FRANK', 4,	'1996-10-30', '1996-11-13',	54.83),
(10343,	'LEHMS', 4,	'1996-10-31', '1996-11-28',	110.37),
(10344,	'WHITC', 4,	'1996-11-01', '1996-11-29',	23.29),
(10345,	'QUICK', 7,	'1996-11-04', '1996-12-02',	249.06),
(10346,	'RATTC', 3,	'1996-11-05', '1996-12-17',	142.08),
(10347,	'FAMIA', 4,	'1996-11-06', '1996-12-04',	3.10),
(10348,	'WANDK', 4,	'1996-11-07', '1996-12-05',	0.78),
(10349,	'SPLIR', 7,	'1996-11-08', '1996-12-06',	8.63),
(10350,	'LAMAI', 6,	'1996-11-11', '1996-12-09',	64.19),
(10351,	'ERNSH', 1,	'1996-11-11', '1996-12-09',	162.33),
(10352,	'FURIB', 3,	'1996-11-12', '1996-11-26',	1.30),
(10353,	'PICCO', 7,	'1996-11-13', '1996-12-11',	360.63),
(10354,	'PERIC', 8,	'1996-11-14', '1996-12-12',	53.80),
(10355,	'AROUT', 6,	'1996-11-15', '1996-12-13',	41.95),
(10356,	'WANDK', 6,	'1996-11-18', '1996-12-16',	36.71),
(10357,	'LILAS', 1,	'1996-11-19', '1996-12-17',	34.88),
(10358,	'LAMAI', 5,	'1996-11-20', '1996-12-18',	19.64),
(10359,	'SEVES', 5,	'1996-11-21', '1996-12-19',	288.43),
(10360,	'BLONP', 4,	'1996-11-22', '1996-12-20',	131.70),
(10361,	'QUICK', 1,	'1996-11-22', '1996-12-20',	183.17),
(10362,	'BONAP', 3,	'1996-11-25', '1996-12-23',	96.04),
(10363,	'DRACD', 4,	'1996-11-26', '1996-12-24',	30.54),
(10364,	'EASTC', 1,	'1996-11-26', '1997-01-07',	71.97),
(10365,	'ANTON', 3,	'1996-11-27', '1996-12-25',	22.00),
(10366,	'GALED', 8,	'1996-11-28', '1997-01-09',	10.14),
(10367,	'VAFFE', 7,	'1996-11-28', '1996-12-26',	13.55),
(10368,	'ERNSH', 9,	'1996-11-29', '1996-12-27',	101.95),
(10369,	'SPLIR', 8,	'1996-12-02', '1996-12-30',	195.68),
(10370,	'CHOPS', 6,	'1996-12-03', '1996-12-31',	1.17),
(10371,	'LAMAI', 1,	'1996-12-03', '1996-12-31',	0.45),
(10372,	'QUEEN', 5,	'1996-12-04', '1997-01-01',	890.78),
(10373,	'HUNGO', 4,	'1996-12-05', '1997-01-02',	124.12),
(10374,	'WOLZA', 1,	'1996-12-05', '1997-01-02',	3.94),
(10375,	'HUNGC', 3,	'1996-12-06', '1997-01-03',	20.12),
(10376,	'MEREP', 1,	'1996-12-09', '1997-01-06',	20.39),
(10377,	'SEVES', 1,	'1996-12-09', '1997-01-06',	22.21),
(10378,	'FOLKO', 5,	'1996-12-10', '1997-01-07',	5.44),
(10379,	'QUEDE', 7,	'1996-12-11', '1997-01-08',	45.03),
(10380,	'HUNGO', 8,	'1996-12-12', '1997-01-09',	35.03),
(10381,	'LILAS', 3,	'1996-12-12', '1997-01-09',	7.99),
(10382,	'ERNSH', 4,	'1996-12-13', '1997-01-10',	94.77),
(10383,	'AROUT', 8,	'1996-12-16', '1997-01-13',	34.24),
(10384,	'BERGS', 3,	'1996-12-16', '1997-01-13',	168.64),
(10385,	'SPLIR', 1,	'1996-12-17', '1997-01-14',	30.96),
(10386,	'FAMIA', 9,	'1996-12-18', '1997-01-01',	13.99),
(10387,	'SANTG', 1,	'1996-12-18', '1997-01-15',	93.63),
(10388,	'SEVES', 9,	'1996-12-19', '1997-01-16',	34.86),
(10389,	'BOTTM', 4,	'1996-12-20', '1997-01-17',	47.42),
(10390,	'ERNSH', 6,	'1996-12-23', '1997-01-20',	126.38),
(10391,	'DRACD', 3,	'1996-12-23', '1997-01-20',	5.45),
(10392,	'PICCO', 7,	'1996-12-24', '1997-01-21',	122.46),
(10393,	'SAVEA', 1,	'1996-12-25', '1997-01-22',	126.56),
(10394,	'HUNGC', 1,	'1996-12-25', '1997-01-22',	30.34),
(10395,	'HILAA', 6,	'1996-12-26', '1997-01-23',	184.41),
(10396,	'FRANK', 1,	'1996-12-27', '1997-01-10',	135.35),
(10397,	'PRINI', 5,	'1996-12-27', '1997-01-24',	60.26),
(10398,	'SAVEA', 9,	'1996-12-30', '1997-01-27',	89.16),
(10399,	'VAFFE', 8,	'1996-12-31', '1997-01-14',	27.36),
(10400,	'EASTC', 1,	'1997-01-01', '1997-01-29',	83.93),
(10401,	'RATTC', 1,	'1997-01-01', '1997-01-29',	12.51),
(10402,	'ERNSH', 8,	'1997-01-02', '1997-02-13',	67.88),
(10403,	'ERNSH', 4,	'1997-01-03', '1997-01-31',	73.79),
(10404,	'MAGAA', 7,	'1997-01-03', '1997-01-31',	155.97),
(10405,	'LINOD', 1,	'1997-01-06', '1997-02-03',	34.82),
(10406,	'QUEEN', 7,	'1997-01-07', '1997-02-18',	108.04),
(10407,	'OTTIK', 9,	'1997-01-07', '1997-02-04',	91.48),
(10408,	'FOLIG', 8,	'1997-01-08', '1997-02-05',	11.26),
(10409,	'OCEAN', 3,	'1997-01-09', '1997-02-06',	29.83),
(10410,	'BOTTM', 3,	'1997-01-10', '1997-02-07',	2.40),
(10411,	'BOTTM', 9,	'1997-01-10', '1997-02-07',	23.65),
(10412,	'WARTH', 8,	'1997-01-13', '1997-02-10',	3.77),
(10413,	'LAMAI', 3,	'1997-01-14', '1997-02-11',	95.66),
(10414,	'FAMIA', 7,	'1997-01-14', '1997-02-11',	21.48),
(10415,	'HUNGC', 3,	'1997-01-15', '1997-02-12',	0.20),
(10416,	'WARTH', 8,	'1997-01-16', '1997-02-13',	22.72),
(10417,	'SIMOB', 4,	'1997-01-16', '1997-02-13',	70.29),
(10418,	'QUICK', 4,	'1997-01-17', '1997-02-14',	17.55),
(10419,	'RICSU', 4,	'1997-01-20', '1997-02-17',	137.35),
(10420,	'WELLI', 3,	'1997-01-21', '1997-02-18',	44.12),
(10421,	'QUEDE', 8,	'1997-01-21', '1997-03-04',	99.23),
(10422,	'FRANS', 7,	'1997-01-22', '1997-02-19',	3.02),
(10423,	'GOURL', 6,	'1997-01-23', '1997-02-06',	24.50),
(10424,	'MEREP', 7,	'1997-01-23', '1997-02-20',	370.61),
(10425,	'LAMAI', 6,	'1997-01-24', '1997-02-21',	7.93),
(10426,	'GALED', 4,	'1997-01-27', '1997-02-24',	18.69),
(10427,	'PICCO', 4,	'1997-01-27', '1997-02-24',	31.29),
(10428,	'REGGC', 7,	'1997-01-28', '1997-02-25',	11.09),
(10429,	'HUNGO', 3,	'1997-01-29', '1997-03-12',	56.63),
(10430,	'ERNSH', 4,	'1997-01-30', '1997-02-13',	458.78),
(10431,	'BOTTM', 4,	'1997-01-30', '1997-02-13',	44.17),
(10432,	'SPLIR', 3,	'1997-01-31', '1997-02-14',	4.34),
(10433,	'PRINI', 3,	'1997-02-03', '1997-03-03',	73.83),
(10434,	'FOLKO', 3,	'1997-02-03', '1997-03-03',	17.92),
(10435,	'CONSH', 8,	'1997-02-04', '1997-03-18',	9.21),
(10436,	'BLONP', 3,	'1997-02-05', '1997-03-05',	156.66),
(10437,	'WARTH', 8,	'1997-02-05', '1997-03-05',	19.97),
(10438,	'TOMSP', 3,	'1997-02-06', '1997-03-06',	8.24),
(10439,	'MEREP', 6,	'1997-02-07', '1997-03-07',	4.07),
(10440,	'SAVEA', 4,	'1997-02-10', '1997-03-10',	86.53),
(10441,	'OLDWO', 3,	'1997-02-10', '1997-03-24',	73.02),
(10442,	'ERNSH', 3,	'1997-02-11', '1997-03-11',	47.94),
(10443,	'REGGC', 8,	'1997-02-12', '1997-03-12',	13.95),
(10444,	'BERGS', 3,	'1997-02-12', '1997-03-12',	3.50),
(10445,	'BERGS', 3,	'1997-02-13', '1997-03-13',	9.30),
(10446,	'TOMSP', 6,	'1997-02-14', '1997-03-14',	14.68),
(10447,	'RICAR', 4,	'1997-02-14', '1997-03-14',	68.66),
(10448,	'RANCH', 4,	'1997-02-17', '1997-03-17',	38.82),
(10449,	'BLONP', 3,	'1997-02-18', '1997-03-18',	53.30),
(10450,	'VICTE', 8,	'1997-02-19', '1997-03-19',	7.23),
(10451,	'QUICK', 4,	'1997-02-19', '1997-03-05',	189.09),
(10452,	'SAVEA', 8,	'1997-02-20', '1997-03-20',	140.26),
(10453,	'AROUT', 1,	'1997-02-21', '1997-03-21',	25.36),
(10454,	'LAMAI', 4,	'1997-02-21', '1997-03-21',	2.74),
(10455,	'WARTH', 8,	'1997-02-24', '1997-04-07',	180.45),
(10456,	'KOENE', 8,	'1997-02-25', '1997-04-08',	8.12),
(10457,	'KOENE', 7,	'1997-02-25', '1997-03-25',	11.57),
(10458,	'SUPRD', 7,	'1997-02-26', '1997-03-26',	147.06),
(10459,	'VICTE', 4,	'1997-02-27', '1997-03-27',	25.09),
(10460,	'FOLKO', 8,	'1997-02-28', '1997-03-28',	16.27),
(10461,	'LILAS', 1,	'1997-02-28', '1997-03-28',	148.61),
(10462,	'CONSH', 9,	'1997-03-03', '1997-03-31',	6.17),
(10463,	'SUPRD', 5,	'1997-03-04', '1997-04-01',	14.78),
(10464,	'FURIB', 4,	'1997-03-04', '1997-04-01',	89.00),
(10465,	'VAFFE', 1,	'1997-03-05', '1997-04-02',	145.04),
(10466,	'COMMI', 4,	'1997-03-06', '1997-04-03',	11.93),
(10467,	'MAGAA', 8,	'1997-03-06', '1997-04-03',	4.93),
(10468,	'KOENE', 3,	'1997-03-07', '1997-04-04',	44.12),
(10469,	'WHITC', 1,	'1997-03-10', '1997-04-07',	60.18),
(10470,	'BONAP', 4,	'1997-03-11', '1997-04-08',	64.56),
(10471,	'BSBEV', 7,	'1997-03-11', '1997-04-08',	45.59),
(10472,	'SEVES', 8,	'1997-03-12', '1997-04-09',	4.20),
(10473,	'ISLAT', 1,	'1997-03-13', '1997-03-27',	16.37),
(10474,	'PERIC', 5,	'1997-03-13', '1997-04-10',	83.49),
(10475,	'SUPRD', 9,	'1997-03-14', '1997-04-11',	68.52),
(10476,	'HILAA', 8,	'1997-03-17', '1997-04-14',	4.41),
(10477,	'PRINI', 5,	'1997-03-17', '1997-04-14',	13.02),
(10478,	'VICTE', 9,	'1997-03-18', '1997-04-01',	4.81),
(10479,	'RATTC', 3,	'1997-03-19', '1997-04-16',	708.95),
(10480,	'FOLIG', 6,	'1997-03-20', '1997-04-17',	1.35),
(10481,	'RICAR', 8,	'1997-03-20', '1997-04-17',	64.33),
(10482,	'LAZYK', 1,	'1997-03-21', '1997-04-18',	7.48),
(10483,	'WHITC', 7,	'1997-03-24', '1997-04-21',	15.28),
(10484,	'BSBEV', 3,	'1997-03-24', '1997-04-21',	6.88),
(10485,	'LINOD', 4,	'1997-03-25', '1997-04-08',	64.45),
(10486,	'HILAA', 1,	'1997-03-26', '1997-04-23',	30.53),
(10487,	'QUEEN', 7,	'1997-03-26', '1997-04-23',	71.07),
(10488,	'FRANK', 8,	'1997-03-27', '1997-04-24',	4.93),
(10489,	'PICCO', 6,	'1997-03-28', '1997-04-25',	5.29),
(10490,	'HILAA', 7,	'1997-03-31', '1997-04-28',	210.19),
(10491,	'FURIB', 8,	'1997-03-31', '1997-04-28',	16.96),
(10492,	'BOTTM', 3,	'1997-04-01', '1997-04-29',	62.89),
(10493,	'LAMAI', 4,	'1997-04-02', '1997-04-30',	10.64),
(10494,	'COMMI', 4,	'1997-04-02', '1997-04-30',	65.99),
(10495,	'LAUGB', 3,	'1997-04-03', '1997-05-01',	4.65),
(10496,	'TRADH', 7,	'1997-04-04', '1997-05-02',	46.77),
(10497,	'LEHMS', 7,	'1997-04-04', '1997-05-02',	36.21),
(10498,	'HILAA', 8,	'1997-04-07', '1997-05-05',	29.75),
(10499,	'LILAS', 4,	'1997-04-08', '1997-05-06',	102.02),
(10500,	'LAMAI', 6,	'1997-04-09', '1997-05-07',	42.68),
(10501,	'BLAUS', 9,	'1997-04-09', '1997-05-07',	8.85),
(10502,	'PERIC', 7,	'1997-04-10', '1997-05-08',	69.32),
(10503,	'HUNGO', 6,	'1997-04-11', '1997-05-09',	16.74),
(10504,	'WHITC', 4,	'1997-04-11', '1997-05-09',	59.13),
(10505,	'MEREP', 3,	'1997-04-14', '1997-05-12',	7.13),
(10506,	'KOENE', 9,	'1997-04-15', '1997-05-13',	21.19),
(10507,	'ANTON', 7,	'1997-04-15', '1997-05-13',	47.45),
(10508,	'OTTIK', 1,	'1997-04-16', '1997-05-14',	4.99),
(10509,	'BLAUS', 4,	'1997-04-17', '1997-05-15',	0.15),
(10510,	'SAVEA', 6,	'1997-04-18', '1997-05-16',	367.63),
(10511,	'BONAP', 4,	'1997-04-18', '1997-05-16',	350.64),
(10512,	'FAMIA', 7,	'1997-04-21', '1997-05-19',	3.53),
(10513,	'WANDK', 7,	'1997-04-22', '1997-06-03',	105.65),
(10514,	'ERNSH', 3,	'1997-04-22', '1997-05-20',	789.95),
(10515,	'QUICK', 9,	'1997-04-23', '1997-05-07',	204.47),
(10516,	'HUNGO', 7,	'1997-04-24', '1997-05-22',	62.78),
(10517,	'NORTS', 3,	'1997-04-24', '1997-05-22',	32.07),
(10518,	'TORTU', 4,	'1997-04-25', '1997-05-09',	218.15),
(10519,	'CHOPS', 6,	'1997-04-28', '1997-05-26',	91.76),
(10520,	'SANTG', 7,	'1997-04-29', '1997-05-27',	13.37),
(10521,	'CACTU', 8,	'1997-04-29', '1997-05-27',	17.22),
(10522,	'LEHMS', 4,	'1997-04-30', '1997-05-28',	45.33),
(10523,	'SEVES', 7,	'1997-05-01', '1997-05-29',	77.63),
(10524,	'BERGS', 1,	'1997-05-01', '1997-05-29',	244.79),
(10525,	'BONAP', 1,	'1997-05-02', '1997-05-30',	11.06),
(10526,	'WARTH', 4,	'1997-05-05', '1997-06-02',	58.59),
(10527,	'QUICK', 7,	'1997-05-05', '1997-06-02',	41.90),
(10528,	'GREAL', 6,	'1997-05-06', '1997-05-20',	3.35),
(10529,	'MAISD', 5,	'1997-05-07', '1997-06-04',	66.69),
(10530,	'PICCO', 3,	'1997-05-08', '1997-06-05',	339.22),
(10531,	'OCEAN', 7,	'1997-05-08', '1997-06-05',	8.12),
(10532,	'EASTC', 7,	'1997-05-09', '1997-06-06',	74.46),
(10533,	'FOLKO', 8,	'1997-05-12', '1997-06-09',	188.04),
(10534,	'LEHMS', 8,	'1997-05-12', '1997-06-09',	27.94),
(10535,	'ANTON', 4,	'1997-05-13', '1997-06-10',	15.64),
(10536,	'LEHMS', 3,	'1997-05-14', '1997-06-11',	58.88),
(10537,	'RICSU', 1,	'1997-05-14', '1997-05-28',	78.85),
(10538,	'BSBEV', 9,	'1997-05-15', '1997-06-12',	4.87),
(10539,	'BSBEV', 6,	'1997-05-16', '1997-06-13',	12.36),
(10540,	'QUICK', 3,	'1997-05-19', '1997-06-16',	1007.64),
(10541,	'HANAR', 7,	'1997-05-19', '1997-06-16',	68.65),
(10542,	'KOENE', 1,	'1997-05-20', '1997-06-17',	10.95),
(10543,	'LILAS', 8,	'1997-05-21', '1997-06-18',	48.17),
(10544,	'LONEP', 4,	'1997-05-21', '1997-06-18',	24.91),
(10545,	'LAZYK', 8,	'1997-05-22', '1997-06-19',	11.92),
(10546,	'VICTE', 1,	'1997-05-23', '1997-06-20',	194.72),
(10547,	'SEVES', 3,	'1997-05-23', '1997-06-20',	178.43),
(10548,	'TOMSP', 3,	'1997-05-26', '1997-06-23',	1.43),
(10549,	'QUICK', 5,	'1997-05-27', '1997-06-10',	171.24),
(10550,	'GODOS', 7,	'1997-05-28', '1997-06-25',	4.32),
(10551,	'FURIB', 4,	'1997-05-28', '1997-07-09',	72.95),
(10552,	'HILAA', 9,	'1997-05-29', '1997-06-26',	83.22),
(10553,	'WARTH', 7,	'1997-05-30', '1997-06-27',	149.49),
(10554,	'OTTIK', 4,	'1997-05-30', '1997-06-27',	120.97),
(10555,	'SAVEA', 6,	'1997-06-02', '1997-06-30',	252.49),
(10556,	'SIMOB', 7,	'1997-06-03', '1997-07-15',	9.80),
(10557,	'LEHMS', 9,	'1997-06-03', '1997-06-17',	96.72),
(10558,	'AROUT', 1,	'1997-06-04', '1997-07-02',	72.97),
(10559,	'BLONP', 6,	'1997-06-05', '1997-07-03',	8.05),
(10560,	'FRANK', 8,	'1997-06-06', '1997-07-04',	36.65),
(10561,	'FOLKO', 9,	'1997-06-06', '1997-07-04',	242.21),
(10562,	'REGGC', 1,	'1997-06-09', '1997-07-07',	22.95),
(10563,	'RICAR', 7,	'1997-06-10', '1997-07-22',	60.43),
(10564,	'RATTC', 4,	'1997-06-10', '1997-07-08',	13.75),
(10565,	'MEREP', 8,	'1997-06-11', '1997-07-09',	7.15),
(10566,	'BLONP', 9,	'1997-06-12', '1997-07-10',	88.40),
(10567,	'HUNGO', 1,	'1997-06-12', '1997-07-10',	33.97),
(10568,	'GALED', 3,	'1997-06-13', '1997-07-11',	6.54),
(10569,	'RATTC', 5,	'1997-06-16', '1997-07-14',	58.98),
(10570,	'MEREP', 3,	'1997-06-17', '1997-07-15',	188.99),
(10571,	'ERNSH', 8,	'1997-06-17', '1997-07-29',	26.06),
(10572,	'BERGS', 3,	'1997-06-18', '1997-07-16',	116.43),
(10573,	'ANTON', 7,	'1997-06-19', '1997-07-17',	84.84),
(10574,	'TRAIH', 4,	'1997-06-19', '1997-07-17',	37.60),
(10575,	'MORGK', 5,	'1997-06-20', '1997-07-04',	127.34),
(10576,	'TORTU', 3,	'1997-06-23', '1997-07-07',	18.56),
(10577,	'TRAIH', 9,	'1997-06-23', '1997-08-04',	25.41),
(10578,	'BSBEV', 4,	'1997-06-24', '1997-07-22',	29.60),
(10579,	'LETSS', 1,	'1997-06-25', '1997-07-23',	13.73),
(10580,	'OTTIK', 4,	'1997-06-26', '1997-07-24',	75.89),
(10581,	'FAMIA', 3,	'1997-06-26', '1997-07-24',	3.01),
(10582,	'BLAUS', 3,	'1997-06-27', '1997-07-25',	27.71),
(10583,	'WARTH', 7,	'1997-06-30', '1997-07-28',	7.28),
(10584,	'BLONP', 4,	'1997-06-30', '1997-07-28',	59.14),
(10585,	'WELLI', 7,	'1997-07-01', '1997-07-29',	13.41),
(10586,	'REGGC', 9,	'1997-07-02', '1997-07-30',	0.48),
(10587,	'QUEDE', 1,	'1997-07-02', '1997-07-30',	62.52),
(10588,	'QUICK', 9,	'1997-07-03', '1997-07-31',	194.67),
(10589,	'GREAL', 8,	'1997-07-04', '1997-08-01',	4.42),
(10590,	'MEREP', 4,	'1997-07-07', '1997-08-04',	44.77),
(10591,	'VAFFE', 1,	'1997-07-07', '1997-07-21',	55.92),
(10592,	'LEHMS', 3,	'1997-07-08', '1997-08-05',	32.10),
(10593,	'LEHMS', 7,	'1997-07-09', '1997-08-06',	174.20),
(10594,	'OLDWO', 3,	'1997-07-09', '1997-08-06',	5.24),
(10595,	'ERNSH', 7,	'1997-07-10', '1997-08-07',	96.78),
(10596,	'WHITC', 8,	'1997-07-11', '1997-08-08',	16.34),
(10597,	'PICCO', 7,	'1997-07-11', '1997-08-08',	35.12),
(10598,	'RATTC', 1,	'1997-07-14', '1997-08-11',	44.42),
(10599,	'BSBEV', 6,	'1997-07-15', '1997-08-26',	29.98),
(10600,	'HUNGC', 4,	'1997-07-16', '1997-08-13',	45.13),
(10601,	'HILAA', 7,	'1997-07-16', '1997-08-27',	58.30),
(10602,	'VAFFE', 8,	'1997-07-17', '1997-08-14',	2.92),
(10603,	'SAVEA', 8,	'1997-07-18', '1997-08-15',	48.77),
(10604,	'FURIB', 1,	'1997-07-18', '1997-08-15',	7.46),
(10605,	'MEREP', 1,	'1997-07-21', '1997-08-18',	379.13),
(10606,	'TRADH', 4,	'1997-07-22', '1997-08-19',	79.40),
(10607,	'SAVEA', 5,	'1997-07-22', '1997-08-19',	200.24),
(10608,	'TOMSP', 4,	'1997-07-23', '1997-08-20',	27.79),
(10609,	'DUMON', 7,	'1997-07-24', '1997-08-21',	1.85),
(10610,	'LAMAI', 8,	'1997-07-25', '1997-08-22',	26.78),
(10611,	'WOLZA', 6,	'1997-07-25', '1997-08-22',	80.65),
(10612,	'SAVEA', 1,	'1997-07-28', '1997-08-25',	544.08),
(10613,	'HILAA', 4,	'1997-07-29', '1997-08-26',	8.11),
(10614,	'BLAUS', 8,	'1997-07-29', '1997-08-26',	1.93),
(10615,	'WILMK', 9,	'1997-07-30', '1997-08-27',	0.75),
(10616,	'GREAL', 1,	'1997-07-31', '1997-08-28',	116.53),
(10617,	'GREAL', 4,	'1997-07-31', '1997-08-28',	18.53),
(10618,	'MEREP', 1,	'1997-08-01', '1997-09-12',	154.68),
(10619,	'MEREP', 3,	'1997-08-04', '1997-09-01',	91.05),
(10620,	'LAUGB', 7,	'1997-08-05', '1997-09-02',	0.94),
(10621,	'ISLAT', 4,	'1997-08-05', '1997-09-02',	23.73),
(10622,	'RICAR', 4,	'1997-08-06', '1997-09-03',	50.97),
(10623,	'FRANK', 8,	'1997-08-07', '1997-09-04',	97.18),
(10624,	'THECR', 4,	'1997-08-07', '1997-09-04',	94.80),
(10625,	'ANATR', 3,	'1997-08-08', '1997-09-05',	43.90),
(10626,	'BERGS', 1,	'1997-08-11', '1997-09-08',	138.69),
(10627,	'SAVEA', 8,	'1997-08-11', '1997-09-22',	107.46),
(10628,	'BLONP', 4,	'1997-08-12', '1997-09-09',	30.36),
(10629,	'GODOS', 4,	'1997-08-12', '1997-09-09',	85.46),
(10630,	'KOENE', 1,	'1997-08-13', '1997-09-10',	32.35),
(10631,	'LAMAI', 8,	'1997-08-14', '1997-09-11',	0.87),
(10632,	'WANDK', 8,	'1997-08-14', '1997-09-11',	41.38),
(10633,	'ERNSH', 7,	'1997-08-15', '1997-09-12',	477.90),
(10634,	'FOLIG', 4,	'1997-08-15', '1997-09-12',	487.38),
(10635,	'MAGAA', 8,	'1997-08-18', '1997-09-15',	47.46),
(10636,	'WARTH', 4,	'1997-08-19', '1997-09-16',	1.15),
(10637,	'QUEEN', 6,	'1997-08-19', '1997-09-16',	201.29),
(10638,	'LINOD', 3,	'1997-08-20', '1997-09-17',	158.44),
(10639,	'SANTG', 7,	'1997-08-20', '1997-09-17',	38.64),
(10640,	'WANDK', 4,	'1997-08-21', '1997-09-18',	23.55),
(10641,	'HILAA', 4,	'1997-08-22', '1997-09-19',	179.61),
(10642,	'SIMOB', 7,	'1997-08-22', '1997-09-19',	41.89),
(10643,	'ALFKI', 6,	'1997-08-25', '1997-09-22',	29.46),
(10644,	'WELLI', 3,	'1997-08-25', '1997-09-22',	0.14),
(10645,	'HANAR', 4,	'1997-08-26', '1997-09-23',	12.41),
(10646,	'HUNGO', 9,	'1997-08-27', '1997-10-08',	142.33),
(10647,	'QUEDE', 4,	'1997-08-27', '1997-09-10',	45.54),
(10648,	'RICAR', 5,	'1997-08-28', '1997-10-09',	14.25),
(10649,	'MAISD', 5,	'1997-08-28', '1997-09-25',	6.20),
(10650,	'FAMIA', 5,	'1997-08-29', '1997-09-26',	176.81),
(10651,	'WANDK', 8,	'1997-09-01', '1997-09-29',	20.60),
(10652,	'GOURL', 4,	'1997-09-01', '1997-09-29',	7.14),
(10653,	'FRANK', 1,	'1997-09-02', '1997-09-30',	93.25),
(10654,	'BERGS', 5,	'1997-09-02', '1997-09-30',	55.26),
(10655,	'REGGC', 1,	'1997-09-03', '1997-10-01',	4.41),
(10656,	'GREAL', 6,	'1997-09-04', '1997-10-02',	57.15),
(10657,	'SAVEA', 9,	'1997-09-04', '1997-10-02',	352.69),
(10658,	'QUICK', 4,	'1997-09-05', '1997-10-03',	364.15),
(10659,	'QUEEN', 7,	'1997-09-05', '1997-10-03',	105.81),
(10660,	'HUNGC', 8,	'1997-09-08', '1997-10-06',	111.29),
(10661,	'HUNGO', 7,	'1997-09-09', '1997-10-07',	17.55),
(10662,	'LONEP', 3,	'1997-09-09', '1997-10-07',	1.28),
(10663,	'BONAP', 7,	'1997-09-10', '1997-09-24',	113.15),
(10664,	'FURIB', 1,	'1997-09-10', '1997-10-08',	1.27),
(10665,	'LONEP', 1,	'1997-09-11', '1997-10-09',	26.31),
(10666,	'RICSU', 7,	'1997-09-12', '1997-10-10',	232.42),
(10667,	'ERNSH', 7,	'1997-09-12', '1997-10-10',	78.09),
(10668,	'WANDK', 1,	'1997-09-15', '1997-10-13',	47.22),
(10669,	'SIMOB', 9,	'1997-09-15', '1997-10-13',	24.39),
(10670,	'FRANK', 4,	'1997-09-16', '1997-10-14',	203.48),
(10671,	'FRANR', 1,	'1997-09-17', '1997-10-15',	30.34),
(10672,	'BERGS', 9,	'1997-09-17', '1997-10-01',	95.75),
(10673,	'WILMK', 7,	'1997-09-18', '1997-10-16',	22.76),
(10674,	'ISLAT', 4,	'1997-09-18', '1997-10-16',	0.90),
(10675,	'FRANK', 5,	'1997-09-19', '1997-10-17',	31.85),
(10676,	'TORTU', 9,	'1997-09-22', '1997-10-20',	2.01),
(10677,	'ANTON', 1,	'1997-09-22', '1997-10-20',	4.03),
(10678,	'SAVEA', 7,	'1997-09-23', '1997-10-21',	388.98),
(10679,	'BLONP', 8,	'1997-09-23', '1997-10-21',	27.94),
(10680,	'OLDWO', 1,	'1997-09-24', '1997-10-22',	26.61),
(10681,	'GREAL', 3,	'1997-09-25', '1997-10-23',	76.13),
(10682,	'ANTON', 3,	'1997-09-25', '1997-10-23',	36.13),
(10683,	'DUMON', 7,	'1997-09-26', '1997-10-24',	4.40),
(10684,	'OTTIK', 3,	'1997-09-26', '1997-10-24',	145.63),
(10685,	'GOURL', 4,	'1997-09-29', '1997-10-13',	33.75),
(10686,	'PICCO', 9,	'1997-09-30', '1997-10-28',	96.50),
(10687,	'HUNGO', 9,	'1997-09-30', '1997-10-28',	296.43),
(10688,	'VAFFE', 4,	'1997-10-01', '1997-10-15',	299.09),
(10689,	'BERGS', 1,	'1997-10-01', '1997-10-29',	13.42),
(10690,	'HANAR', 1,	'1997-10-02', '1997-10-30',	15.80),
(10691,	'QUICK', 7,	'1997-10-03', '1997-11-14',	810.05),
(10692,	'ALFKI', 4,	'1997-10-03', '1997-10-31',	61.02),
(10693,	'WHITC', 3,	'1997-10-06', '1997-10-20',	139.34),
(10694,	'QUICK', 8,	'1997-10-06', '1997-11-03',	398.36),
(10695,	'WILMK', 7,	'1997-10-07', '1997-11-18',	16.72),
(10696,	'WHITC', 8,	'1997-10-08', '1997-11-19',	102.55),
(10697,	'LINOD', 3,	'1997-10-08', '1997-11-05',	45.52),
(10698,	'ERNSH', 4,	'1997-10-09', '1997-11-06',	272.47),
(10699,	'MORGK', 3,	'1997-10-09', '1997-11-06',	0.58),
(10700,	'SAVEA', 3,	'1997-10-10', '1997-11-07',	65.10),
(10701,	'HUNGO', 6,	'1997-10-13', '1997-10-27',	220.31),
(10702,	'ALFKI', 4,	'1997-10-13', '1997-11-24',	23.94),
(10703,	'FOLKO', 6,	'1997-10-14', '1997-11-11',	152.30),
(10704,	'QUEEN', 6,	'1997-10-14', '1997-11-11',	4.78),
(10705,	'HILAA', 9,	'1997-10-15', '1997-11-12',	3.52),
(10706,	'OLDWO', 8,	'1997-10-16', '1997-11-13',	135.63),
(10707,	'AROUT', 4,	'1997-10-16', '1997-10-30',	21.74),
(10708,	'THEBI', 6,	'1997-10-17', '1997-11-28',	2.96),
(10709,	'GOURL', 1,	'1997-10-17', '1997-11-14',	210.80),
(10710,	'FRANS', 1,	'1997-10-20', '1997-11-17',	4.98),
(10711,	'SAVEA', 5,	'1997-10-21', '1997-12-02',	52.41),
(10712,	'HUNGO', 3,	'1997-10-21', '1997-11-18',	89.93),
(10713,	'SAVEA', 1,	'1997-10-22', '1997-11-19',	167.05),
(10714,	'SAVEA', 5,	'1997-10-22', '1997-11-19',	24.49),
(10715,	'BONAP', 3,	'1997-10-23', '1997-11-06',	63.20),
(10716,	'RANCH', 4,	'1997-10-24', '1997-11-21',	22.57),
(10717,	'FRANK', 1,	'1997-10-24', '1997-11-21',	59.25),
(10718,	'KOENE', 1,	'1997-10-27', '1997-11-24',	170.88),
(10719,	'LETSS', 8,	'1997-10-27', '1997-11-24',	51.44),
(10720,	'QUEDE', 8,	'1997-10-28', '1997-11-11',	9.53),
(10721,	'QUICK', 5,	'1997-10-29', '1997-11-26',	48.92),
(10722,	'SAVEA', 8,	'1997-10-29', '1997-12-10',	74.58),
(10723,	'WHITC', 3,	'1997-10-30', '1997-11-27',	21.72),
(10724,	'MEREP', 8,	'1997-10-30', '1997-12-11',	57.75),
(10725,	'FAMIA', 4,	'1997-10-31', '1997-11-28',	10.83),
(10726,	'EASTC', 4,	'1997-11-03', '1997-11-17',	16.56),
(10727,	'REGGC', 9,	'1997-11-03', '1997-12-01',	89.90),
(10728,	'QUEEN', 4,	'1997-11-04', '1997-12-02',	58.33),
(10729,	'LINOD', 8,	'1997-11-04', '1997-12-16',	141.06),
(10730,	'BONAP', 5,	'1997-11-05', '1997-12-03',	20.12),
(10731,	'CHOPS', 7,	'1997-11-06', '1997-12-04',	96.65),
(10732,	'BONAP', 3,	'1997-11-06', '1997-12-04',	16.97),
(10733,	'BERGS', 1,	'1997-11-07', '1997-12-05',	110.11),
(10734,	'GOURL', 7,	'1997-11-07', '1997-12-05',	1.63),
(10735,	'LETSS', 6,	'1997-11-10', '1997-12-08',	45.97),
(10736,	'HUNGO', 9,	'1997-11-11', '1997-12-09',	44.10),
(10737,	'VINET', 9,	'1997-11-11', '1997-12-09',	7.79),
(10738,	'SPECD', 7,	'1997-11-12', '1997-12-10',	2.91),
(10739,	'VINET', 3,	'1997-11-12', '1997-12-10',	11.08),
(10740,	'WHITC', 4,	'1997-11-13', '1997-12-11',	81.88),
(10741,	'AROUT', 4,	'1997-11-14', '1997-11-28',	10.96),
(10742,	'BOTTM', 3,	'1997-11-14', '1997-12-12',	243.73),
(10743,	'AROUT', 1,	'1997-11-17', '1997-12-15',	23.72),
(10744,	'VAFFE', 6,	'1997-11-17', '1997-12-15',	69.19),
(10745,	'QUICK', 9,	'1997-11-18', '1997-12-16',	3.52),
(10746,	'CHOPS', 1,	'1997-11-19', '1997-12-17',	31.43),
(10747,	'PICCO', 6,	'1997-11-19', '1997-12-17',	117.33),
(10748,	'SAVEA', 3,	'1997-11-20', '1997-12-18',	232.55),
(10749,	'ISLAT', 4,	'1997-11-20', '1997-12-18',	61.53),
(10750,	'WARTH', 9,	'1997-11-21', '1997-12-19',	79.30),
(10751,	'RICSU', 3,	'1997-11-24', '1997-12-22',	130.79),
(10752,	'NORTS', 9,	'1997-11-24', '1997-12-22',	1.39),
(10753,	'FRANS', 3,	'1997-11-25', '1997-12-23',	7.70),
(10754,	'MAGAA', 6,	'1997-11-25', '1997-12-23',	2.38),
(10755,	'BONAP', 4,	'1997-11-26', '1997-12-24',	16.71),
(10756,	'SPLIR', 8,	'1997-11-27', '1997-12-25',	73.21),
(10757,	'SAVEA', 6,	'1997-11-27', '1997-12-25',	8.19),
(10758,	'RICSU', 3,	'1997-11-28', '1997-12-26',	138.17),
(10759,	'ANATR', 3,	'1997-11-28', '1997-12-26',	11.99),
(10760,	'MAISD', 4,	'1997-12-01', '1997-12-29',	155.64),
(10761,	'RATTC', 5,	'1997-12-02', '1997-12-30',	18.66),
(10762,	'FOLKO', 3,	'1997-12-02', '1997-12-30',	328.74),
(10763,	'FOLIG', 3,	'1997-12-03', '1997-12-31',	37.35),
(10764,	'ERNSH', 6,	'1997-12-03', '1997-12-31',	145.45),
(10765,	'QUICK', 3,	'1997-12-04', '1998-01-01',	42.74),
(10766,	'OTTIK', 4,	'1997-12-05', '1998-01-02',	157.55),
(10767,	'SUPRD', 4,	'1997-12-05', '1998-01-02',	1.59),
(10768,	'AROUT', 3,	'1997-12-08', '1998-01-05',	146.32),
(10769,	'VAFFE', 3,	'1997-12-08', '1998-01-05',	65.06),
(10770,	'HANAR', 8,	'1997-12-09', '1998-01-06',	5.32),
(10771,	'ERNSH', 9,	'1997-12-10', '1998-01-07',	11.19),
(10772,	'LEHMS', 3,	'1997-12-10', '1998-01-07',	91.28),
(10773,	'ERNSH', 1,	'1997-12-11', '1998-01-08',	96.43),
(10774,	'FOLKO', 4,	'1997-12-11', '1997-12-25',	48.20),
(10775,	'THECR', 7,	'1997-12-12', '1998-01-09',	20.25),
(10776,	'ERNSH', 1,	'1997-12-15', '1998-01-12',	351.53),
(10777,	'GOURL', 7,	'1997-12-15', '1997-12-29',	3.01),
(10778,	'BERGS', 3,	'1997-12-16', '1998-01-13',	6.79),
(10779,	'MORGK', 3,	'1997-12-16', '1998-01-13',	58.13),
(10780,	'LILAS', 7,	'1997-12-16', '1997-12-30',	42.13),
(10781,	'WARTH', 9,	'1997-12-17', '1998-01-14',	73.16),
(10782,	'CACTU', 9,	'1997-12-17', '1998-01-14',	1.10),
(10783,	'HANAR', 4,	'1997-12-18', '1998-01-15',	124.98),
(10784,	'MAGAA', 4,	'1997-12-18', '1998-01-15',	70.09),
(10785,	'GROSR', 1,	'1997-12-18', '1998-01-15',	1.51),
(10786,	'QUEEN', 8,	'1997-12-19', '1998-01-16',	110.87),
(10787,	'LAMAI', 7,	'1997-12-19', '1998-01-02',	249.93),
(10788,	'QUICK', 1,	'1997-12-22', '1998-01-19',	42.70),
(10789,	'FOLIG', 1,	'1997-12-22', '1998-01-19',	100.60),
(10790,	'GOURL', 6,	'1997-12-22', '1998-01-19',	28.23),
(10791,	'FRANK', 6,	'1997-12-23', '1998-01-20',	16.85),
(10792,	'WOLZA', 1,	'1997-12-23', '1998-01-20',	23.79),
(10793,	'AROUT', 3,	'1997-12-24', '1998-01-21',	4.52),
(10794,	'QUEDE', 6,	'1997-12-24', '1998-01-21',	21.49),
(10795,	'ERNSH', 8,	'1997-12-24', '1998-01-21',	126.66),
(10796,	'HILAA', 3,	'1997-12-25', '1998-01-22',	26.52),
(10797,	'DRACD', 7,	'1997-12-25', '1998-01-22',	33.35),
(10798,	'ISLAT', 7,	'1997-12-26', '1998-01-23',	2.33),
(10799,	'KOENE', 9,	'1997-12-26', '1998-02-06',	30.76),
(10800,	'SEVES', 1,	'1997-12-26', '1998-01-23',	137.44),
(10801,	'BOLID', 4,	'1997-12-29', '1998-01-26',	97.09),
(10802,	'SIMOB', 4,	'1997-12-29', '1998-01-26',	257.26),
(10803,	'WELLI', 4,	'1997-12-30', '1998-01-27',	55.23),
(10804,	'SEVES', 6,	'1997-12-30', '1998-01-27',	27.33),
(10805,	'THEBI', 9,	'1997-12-30', '1998-01-27',	237.34),
(10806,	'VICTE', 3,	'1997-12-31', '1998-01-28',	22.11),
(10807,	'FRANS', 4,	'1997-12-31', '1998-01-28',	1.36),
(10808,	'OLDWO', 7,	'1998-01-01', '1998-01-29',	45.53),
(10809,	'WELLI', 7,	'1998-01-01', '1998-01-29',	4.87),
(10810,	'LAUGB', 9,	'1998-01-01', '1998-01-29',	4.33),
(10811,	'LINOD', 8,	'1998-01-02', '1998-01-30',	31.22),
(10812,	'REGGC', 5,	'1998-01-02', '1998-01-30',	59.78),
(10813,	'RICAR', 1,	'1998-01-05', '1998-02-02',	47.38),
(10814,	'VICTE', 3,	'1998-01-05', '1998-02-02',	130.94),
(10815,	'SAVEA', 7,	'1998-01-05', '1998-02-02',	14.62),
(10816,	'GREAL', 4,	'1998-01-06', '1998-02-03',	719.78),
(10817,	'KOENE', 3,	'1998-01-06', '1998-01-20',	306.07),
(10818,	'MAGAA', 7,	'1998-01-07', '1998-02-04',	65.48),
(10819,	'CACTU', 9,	'1998-01-07', '1998-02-04',	19.76),
(10820,	'RATTC', 3,	'1998-01-07', '1998-02-04',	37.52),
(10821,	'SPLIR', 1,	'1998-01-08', '1998-02-05',	36.68),
(10822,	'TRAIH', 6,	'1998-01-08', '1998-02-05',	7.00),
(10823,	'LILAS', 5,	'1998-01-09', '1998-02-06',	163.97),
(10824,	'FOLKO', 8,	'1998-01-09', '1998-02-06',	1.23),
(10825,	'DRACD', 1,	'1998-01-09', '1998-02-06',	79.25),
(10826,	'BLONP', 6,	'1998-01-12', '1998-02-09',	7.09),
(10827,	'BONAP', 1,	'1998-01-12', '1998-01-26',	63.54),
(10828,	'RANCH', 9,	'1998-01-13', '1998-01-27',	90.85),
(10829,	'ISLAT', 9,	'1998-01-13', '1998-02-10',	154.72),
(10830,	'TRADH', 4,	'1998-01-13', '1998-02-24',	81.83),
(10831,	'SANTG', 3,	'1998-01-14', '1998-02-11',	72.19),
(10832,	'LAMAI', 7,	'1998-01-14', '1998-02-11',	43.26),
(10833,	'OTTIK', 6,	'1998-01-15', '1998-02-12',	71.49),
(10834,	'TRADH', 1,	'1998-01-15', '1998-02-12',	29.78),
(10835,	'ALFKI', 1,	'1998-01-15', '1998-02-12',	69.53),
(10836,	'ERNSH', 7,	'1998-01-16', '1998-02-13',	411.88),
(10837,	'BERGS', 9,	'1998-01-16', '1998-02-13',	13.32),
(10838,	'LINOD', 3,	'1998-01-19', '1998-02-16',	59.28),
(10839,	'TRADH', 3,	'1998-01-19', '1998-02-16',	35.43),
(10840,	'LINOD', 4,	'1998-01-19', '1998-03-02',	2.71),
(10841,	'SUPRD', 5,	'1998-01-20', '1998-02-17',	424.30),
(10842,	'TORTU', 1,	'1998-01-20', '1998-02-17',	54.42),
(10843,	'VICTE', 4,	'1998-01-21', '1998-02-18',	9.26),
(10844,	'PICCO', 8,	'1998-01-21', '1998-02-18',	25.22),
(10845,	'QUICK', 8,	'1998-01-21', '1998-02-04',	212.98),
(10846,	'SUPRD', 7,	'1998-01-22', '1998-03-05',	56.46),
(10847,	'SAVEA', 4,	'1998-01-22', '1998-02-05',	487.57),
(10848,	'CONSH', 7,	'1998-01-23', '1998-02-20',	38.24),
(10849,	'KOENE', 9,	'1998-01-23', '1998-02-20',	0.56),
(10850,	'VICTE', 1,	'1998-01-23', '1998-03-06',	49.19),
(10851,	'RICAR', 5,	'1998-01-26', '1998-02-23',	160.55),
(10852,	'RATTC', 8,	'1998-01-26', '1998-02-09',	174.05),
(10853,	'BLAUS', 9,	'1998-01-27', '1998-02-24',	53.83),
(10854,	'ERNSH', 3,	'1998-01-27', '1998-02-24',	100.22),
(10855,	'OLDWO', 3,	'1998-01-27', '1998-02-24',	170.97),
(10856,	'ANTON', 3,	'1998-01-28', '1998-02-25',	58.43),
(10857,	'BERGS', 8,	'1998-01-28', '1998-02-25',	188.85),
(10858,	'LACOR', 7,	'1998-01-29', '1998-02-26',	52.51),
(10859,	'FRANK', 1,	'1998-01-29', '1998-02-26',	76.10),
(10860,	'FRANR', 3,	'1998-01-29', '1998-02-26',	19.26),
(10861,	'WHITC', 4,	'1998-01-30', '1998-02-27',	14.93),
(10862,	'LEHMS', 8,	'1998-01-30', '1998-03-13',	53.23),
(10863,	'HILAA', 4,	'1998-02-02', '1998-03-02',	30.26),
(10864,	'AROUT', 4,	'1998-02-02', '1998-03-02',	3.04),
(10865,	'QUICK', 9,	'1998-02-02', '1998-02-16',	348.14),
(10866,	'BERGS', 5,	'1998-02-03', '1998-03-03',	109.11),
(10867,	'LONEP', 6,	'1998-02-03', '1998-03-17',	1.93),
(10868,	'QUEEN', 7,	'1998-02-04', '1998-03-04',	191.27),
(10869,	'SEVES', 5,	'1998-02-04', '1998-03-04',	143.28),
(10870,	'WOLZA', 5,	'1998-02-04', '1998-03-04',	12.04),
(10871,	'BONAP', 9,	'1998-02-05', '1998-03-05',	112.27),
(10872,	'GODOS', 5,	'1998-02-05', '1998-03-05',	175.32),
(10873,	'WILMK', 4,	'1998-02-06', '1998-03-06',	0.82),
(10874,	'GODOS', 5,	'1998-02-06', '1998-03-06',	19.58),
(10875,	'BERGS', 4,	'1998-02-06', '1998-03-06',	32.37),
(10876,	'BONAP', 7,	'1998-02-09', '1998-03-09',	60.42),
(10877,	'RICAR', 1,	'1998-02-09', '1998-03-09',	38.06),
(10878,	'QUICK', 4,	'1998-02-10', '1998-03-10',	46.69),
(10879,	'WILMK', 3,	'1998-02-10', '1998-03-10',	8.50),
(10880,	'FOLKO', 7,	'1998-02-10', '1998-03-24',	88.01),
(10881,	'CACTU', 4,	'1998-02-11', '1998-03-11',	2.84),
(10882,	'SAVEA', 4,	'1998-02-11', '1998-03-11',	23.10),
(10883,	'LONEP', 8,	'1998-02-12', '1998-03-12',	0.53),
(10884,	'LETSS', 4,	'1998-02-12', '1998-03-12',	90.97),
(10885,	'SUPRD', 6,	'1998-02-12', '1998-03-12',	5.64),
(10886,	'HANAR', 1,	'1998-02-13', '1998-03-13',	4.99),
(10887,	'GALED', 8,	'1998-02-13', '1998-03-13',	1.25),
(10888,	'GODOS', 1,	'1998-02-16', '1998-03-16',	51.87),
(10889,	'RATTC', 9,	'1998-02-16', '1998-03-16',	280.61),
(10890,	'DUMON', 7,	'1998-02-16', '1998-03-16',	32.76),
(10891,	'LEHMS', 7,	'1998-02-17', '1998-03-17',	20.37),
(10892,	'MAISD', 4,	'1998-02-17', '1998-03-17',	120.27),
(10893,	'KOENE', 9,	'1998-02-18', '1998-03-18',	77.78),
(10894,	'SAVEA', 1,	'1998-02-18', '1998-03-18',	116.13),
(10895,	'ERNSH', 3,	'1998-02-18', '1998-03-18',	162.75),
(10896,	'MAISD', 7,	'1998-02-19', '1998-03-19',	32.45),
(10897,	'HUNGO', 3,	'1998-02-19', '1998-03-19',	603.54),
(10898,	'OCEAN', 4,	'1998-02-20', '1998-03-20',	1.27),
(10899,	'LILAS', 5,	'1998-02-20', '1998-03-20',	1.21),
(10900,	'WELLI', 1,	'1998-02-20', '1998-03-20',	1.66),
(10901,	'HILAA', 4,	'1998-02-23', '1998-03-23',	62.09),
(10902,	'FOLKO', 1,	'1998-02-23', '1998-03-23',	44.15),
(10903,	'HANAR', 3,	'1998-02-24', '1998-03-24',	36.71),
(10904,	'WHITC', 3,	'1998-02-24', '1998-03-24',	162.95),
(10905,	'WELLI', 9,	'1998-02-24', '1998-03-24',	13.72),
(10906,	'WOLZA', 4,	'1998-02-25', '1998-03-11',	26.29),
(10907,	'SPECD', 6,	'1998-02-25', '1998-03-25',	9.19),
(10908,	'REGGC', 4,	'1998-02-26', '1998-03-26',	32.96),
(10909,	'SANTG', 1,	'1998-02-26', '1998-03-26',	53.05),
(10910,	'WILMK', 1,	'1998-02-26', '1998-03-26',	38.11),
(10911,	'GODOS', 3,	'1998-02-26', '1998-03-26',	38.19),
(10912,	'HUNGO', 7,	'1998-02-26', '1998-03-26',	580.91),
(10913,	'QUEEN', 4,	'1998-02-26', '1998-03-26',	33.05),
(10914,	'QUEEN', 6,	'1998-02-27', '1998-03-27',	21.19),
(10915,	'TORTU', 9,	'1998-02-27', '1998-03-27',	3.51),
(10916,	'RANCH', 1,	'1998-02-27', '1998-03-27',	63.77),
(10917,	'ROMEY', 4,	'1998-03-02', '1998-03-30',	8.29),
(10918,	'BOTTM', 3,	'1998-03-02', '1998-03-30',	48.83),
(10919,	'LINOD', 7,	'1998-03-02', '1998-03-30',	19.80),
(10920,	'AROUT', 4,	'1998-03-03', '1998-03-31',	29.61),
(10921,	'VAFFE', 1,	'1998-03-03', '1998-04-14',	176.48),
(10922,	'HANAR', 5,	'1998-03-03', '1998-03-31',	62.74),
(10923,	'LAMAI', 7,	'1998-03-03', '1998-04-14',	68.26),
(10924,	'BERGS', 3,	'1998-03-04', '1998-04-01',	151.52),
(10925,	'HANAR', 3,	'1998-03-04', '1998-04-01',	2.27),
(10926,	'ANATR', 4,	'1998-03-04', '1998-04-01',	39.92),
(10927,	'LACOR', 4,	'1998-03-05', '1998-04-02',	19.79),
(10928,	'GALED', 1,	'1998-03-05', '1998-04-02',	1.36),
(10929,	'FRANK', 6,	'1998-03-05', '1998-04-02',	33.93),
(10930,	'SUPRD', 4,	'1998-03-06', '1998-04-17',	15.55),
(10931,	'RICSU', 4,	'1998-03-06', '1998-03-20',	13.60),
(10932,	'BONAP', 8,	'1998-03-06', '1998-04-03',	134.64),
(10933,	'ISLAT', 6,	'1998-03-06', '1998-04-03',	54.15),
(10934,	'LEHMS', 3,	'1998-03-09', '1998-04-06',	32.01),
(10935,	'WELLI', 4,	'1998-03-09', '1998-04-06',	47.59),
(10936,	'GREAL', 3,	'1998-03-09', '1998-04-06',	33.68),
(10937,	'CACTU', 7,	'1998-03-10', '1998-03-24',	31.51),
(10938,	'QUICK', 3,	'1998-03-10', '1998-04-07',	31.89),
(10939,	'MAGAA', 7,	'1998-03-10', '1998-04-07',	76.33),
(10940,	'BONAP', 8,	'1998-03-11', '1998-04-08',	19.77),
(10941,	'SAVEA', 7,	'1998-03-11', '1998-04-08',	400.81),
(10942,	'REGGC', 9,	'1998-03-11', '1998-04-08',	17.95),
(10943,	'BSBEV', 4,	'1998-03-11', '1998-04-08',	2.17),
(10944,	'BOTTM', 6,	'1998-03-12', '1998-03-26',	52.92),
(10945,	'MORGK', 4,	'1998-03-12', '1998-04-09',	10.22),
(10946,	'VAFFE', 1,	'1998-03-12', '1998-04-09',	27.20),
(10947,	'BSBEV', 3,	'1998-03-13', '1998-04-10',	3.26),
(10948,	'GODOS', 3,	'1998-03-13', '1998-04-10',	23.39),
(10949,	'BOTTM', 9,	'1998-03-13', '1998-04-10',	74.44),
(10950,	'MAGAA', 1,	'1998-03-16', '1998-04-13',	2.50),
(10951,	'RICSU', 9,	'1998-03-16', '1998-04-27',	30.85),
(10952,	'ALFKI', 1,	'1998-03-16', '1998-04-27',	40.42),
(10953,	'AROUT', 9,	'1998-03-16', '1998-03-30',	23.72),
(10954,	'LINOD', 5,	'1998-03-17', '1998-04-28',	27.91),
(10955,	'FOLKO', 8,	'1998-03-17', '1998-04-14',	3.26),
(10956,	'BLAUS', 6,	'1998-03-17', '1998-04-28',	44.65),
(10957,	'HILAA', 8,	'1998-03-18', '1998-04-15',	105.36),
(10958,	'OCEAN', 7,	'1998-03-18', '1998-04-15',	49.56),
(10959,	'GOURL', 6,	'1998-03-18', '1998-04-29',	4.98),
(10960,	'HILAA', 3,	'1998-03-19', '1998-04-02',	2.08),
(10961,	'QUEEN', 8,	'1998-03-19', '1998-04-16',	104.47),
(10962,	'QUICK', 8,	'1998-03-19', '1998-04-16',	275.79),
(10963,	'FURIB', 9,	'1998-03-19', '1998-04-16',	2.70),
(10964,	'SPECD', 3,	'1998-03-20', '1998-04-17',	87.38),
(10965,	'OLDWO', 6,	'1998-03-20', '1998-04-17',	144.38),
(10966,	'CHOPS', 4,	'1998-03-20', '1998-04-17',	27.19),
(10967,	'TOMSP', 7,	'1998-03-23', '1998-04-20',	62.22),
(10968,	'ERNSH', 1,	'1998-03-23', '1998-04-20',	74.60),
(10969,	'COMMI', 1,	'1998-03-23', '1998-04-20',	0.21),
(10970,	'BOLID', 9,	'1998-03-24', '1998-04-07',	16.16),
(10971,	'FRANR', 9,	'1998-03-24', '1998-04-21',	121.82),
(10972,	'LACOR', 4,	'1998-03-24', '1998-04-21',	0.02),
(10973,	'LACOR', 6,	'1998-03-24', '1998-04-21',	15.17),
(10974,	'SPLIR', 3,	'1998-03-25', '1998-04-08',	12.96),
(10975,	'BOTTM', 1,	'1998-03-25', '1998-04-22',	32.27),
(10976,	'HILAA', 1,	'1998-03-25', '1998-05-06',	37.97),
(10977,	'FOLKO', 8,	'1998-03-26', '1998-04-23',	208.50),
(10978,	'MAISD', 9,	'1998-03-26', '1998-04-23',	32.82),
(10979,	'ERNSH', 8,	'1998-03-26', '1998-04-23',	353.07),
(10980,	'FOLKO', 4,	'1998-03-27', '1998-05-08',	1.26),
(10981,	'HANAR', 1,	'1998-03-27', '1998-04-24',	193.37),
(10982,	'BOTTM', 7,	'1998-03-27', '1998-04-24',	14.01),
(10983,	'SAVEA', 9,	'1998-03-27', '1998-04-24',	657.54),
(10984,	'SAVEA', 1,	'1998-03-30', '1998-04-27',	211.22),
(10985,	'HUNGO', 7,	'1998-03-30', '1998-04-27',	91.51),
(10986,	'OCEAN', 8,	'1998-03-30', '1998-04-27',	217.86),
(10987,	'EASTC', 8,	'1998-03-31', '1998-04-28',	185.48),
(10988,	'RATTC', 3,	'1998-03-31', '1998-04-28',	61.14),
(10989,	'QUEDE', 9,	'1998-03-31', '1998-04-28',	34.76),
(10990,	'ERNSH', 9,	'1998-04-01', '1998-05-13',	117.61),
(10991,	'QUICK', 1,	'1998-04-01', '1998-04-29',	38.51),
(10992,	'THEBI', 1,	'1998-04-01', '1998-04-29',	4.27),
(10993,	'FOLKO', 7,	'1998-04-01', '1998-04-29',	8.81),
(10994,	'VAFFE', 7,	'1998-04-02', '1998-04-16',	65.53),
(10995,	'PERIC', 1,	'1998-04-02', '1998-04-30',	46.00),
(10996,	'QUICK', 4,	'1998-04-02', '1998-04-30',	1.12),
(10997,	'LILAS', 8,	'1998-04-03', '1998-05-15',	73.91),
(10998,	'WOLZA', 8,	'1998-04-03', '1998-04-17',	20.31),
(10999,	'OTTIK', 6,	'1998-04-03', '1998-05-01',	96.35),
(11000,	'RATTC', 9,	'1998-04-06', '1998-05-04',	55.12),
(11001,	'FOLKO', 7,	'1998-04-06', '1998-05-04',	197.30),
(11002,	'SAVEA', 4,	'1998-04-06', '1998-05-04',	141.16),
(11003,	'THECR', 3,	'1998-04-06', '1998-05-04',	14.91),
(11004,	'MAISD', 3,	'1998-04-07', '1998-05-05',	44.84),
(11005,	'WILMK', 7,	'1998-04-07', '1998-05-05',	0.75),
(11006,	'GREAL', 3,	'1998-04-07', '1998-05-05',	25.19),
(11007,	'PRINI', 8,	'1998-04-08', '1998-05-06',	202.24),
(11008,	'ERNSH', 7,	'1998-04-08', '1998-05-06',	79.46),
(11009,	'GODOS', 7,	'1998-04-08', '1998-05-06',	59.11),
(11010,	'REGGC', 9,	'1998-04-09', '1998-05-07',	28.71),
(11011,	'ALFKI', 3,	'1998-04-09', '1998-05-07',	1.21),
(11012,	'FRANK', 1,	'1998-04-09', '1998-04-23',	242.95),
(11013,	'ROMEY', 7,	'1998-04-09', '1998-05-07',	32.99),
(11014,	'LINOD', 9,	'1998-04-10', '1998-05-08',	23.60),
(11015,	'SANTG', 7,	'1998-04-10', '1998-04-24',	4.62),
(11016,	'AROUT', 9,	'1998-04-10', '1998-05-08',	33.80),
(11017,	'ERNSH', 9,	'1998-04-13', '1998-05-11',	754.26),
(11018,	'LONEP', 4,	'1998-04-13', '1998-05-11',	11.65),
(11019,	'RANCH', 6,	'1998-04-13', '1998-05-11',	3.17),
(11020,	'OTTIK', 9,	'1998-04-14', '1998-05-12',	43.30),
(11021,	'QUICK', 3,	'1998-04-14', '1998-05-12',	297.18),
(11022,	'HANAR', 9,	'1998-04-14', '1998-05-12',	6.27),
(11023,	'BSBEV', 1,	'1998-04-14', '1998-04-28',	123.83),
(11024,	'EASTC', 4,	'1998-04-15', '1998-05-13',	74.36),
(11025,	'WARTH', 6,	'1998-04-15', '1998-05-13',	29.17),
(11026,	'FRANS', 4,	'1998-04-15', '1998-05-13',	47.09),
(11027,	'BOTTM', 1,	'1998-04-16', '1998-05-14',	52.52),
(11028,	'KOENE', 7,	'1998-04-16', '1998-05-14',	29.59),
(11029,	'CHOPS', 4,	'1998-04-16', '1998-05-14',	47.84),
(11030,	'SAVEA', 7,	'1998-04-17', '1998-05-15',	830.75),
(11031,	'SAVEA', 6,	'1998-04-17', '1998-05-15',	227.22),
(11032,	'WHITC', 9,	'1998-04-17', '1998-05-15',	606.19),
(11033,	'RICSU', 7,	'1998-04-17', '1998-05-15',	84.74),
(11034,	'OLDWO', 8,	'1998-04-20', '1998-06-01',	40.32),
(11035,	'SUPRD', 7,	'1998-04-20', '1998-05-18',	0.17),
(11036,	'DRACD', 8,	'1998-04-20', '1998-05-18',	149.47),
(11037,	'GODOS', 7,	'1998-04-21', '1998-05-19',	3.20),
(11038,	'SUPRD', 1,	'1998-04-21', '1998-05-19',	29.59),
(11039,	'LINOD', 1,	'1998-04-21', '1998-05-19',	65.00),
(11040,	'GREAL', 4,	'1998-04-22', '1998-05-20',	18.84),
(11041,	'CHOPS', 3,	'1998-04-22', '1998-05-20',	48.22),
(11042,	'COMMI', 9,	'1998-04-22', '1998-05-06',	29.99),
(11043,	'SPECD', 5,	'1998-04-22', '1998-05-20',	8.80),
(11044,	'WOLZA', 4,	'1998-04-23', '1998-05-21',	8.72),
(11045,	'BOTTM', 6,	'1998-04-23', '1998-05-21',	70.58),
(11046,	'WANDK', 8,	'1998-04-23', '1998-05-21',	71.64),
(11047,	'EASTC', 7,	'1998-04-24', '1998-05-22',	46.62),
(11048,	'BOTTM', 7,	'1998-04-24', '1998-05-22',	24.12),
(11049,	'GOURL', 3,	'1998-04-24', '1998-05-22',	8.34),
(11050,	'FOLKO', 8,	'1998-04-27', '1998-05-25',	59.41),
(11051,	'LAMAI', 7,	'1998-04-27', '1998-05-25',	2.79),
(11052,	'HANAR', 3,	'1998-04-27', '1998-05-25',	67.26),
(11053,	'PICCO', 7,	'1998-04-27', '1998-05-25',	53.05),
(11054,	'CACTU', 8,	'1998-04-28', '1998-05-26',	0.33),
(11055,	'HILAA', 7,	'1998-04-28', '1998-05-26',	120.92),
(11056,	'EASTC', 8,	'1998-04-28', '1998-05-12',	278.96),
(11057,	'NORTS', 3,	'1998-04-29', '1998-05-27',	4.13),
(11058,	'BLAUS', 9,	'1998-04-29', '1998-05-27',	31.14),
(11059,	'RICAR', 7,	'1998-04-29', '1998-06-10',	85.80),
(11060,	'FRANS', 9,	'1998-04-30', '1998-05-28',	10.98),
(11061,	'GREAL', 4,	'1998-04-30', '1998-06-11',	14.01),
(11062,	'REGGC', 4,	'1998-04-30', '1998-05-28',	29.93),
(11063,	'HUNGO', 3,	'1998-04-30', '1998-05-28',	81.73),
(11064,	'SAVEA', 1,	'1998-05-01', '1998-05-29',	30.09),
(11065,	'LILAS', 8,	'1998-05-01', '1998-05-29',	12.91),
(11066,	'WHITC', 7,	'1998-05-01', '1998-05-29',	44.72),
(11067,	'DRACD', 1,	'1998-05-04', '1998-05-18',	7.98),
(11068,	'QUEEN', 8,	'1998-05-04', '1998-06-01',	81.75),
(11069,	'TORTU', 1,	'1998-05-04', '1998-06-01',	15.67),
(11070,	'LEHMS', 7,	'1998-05-05', '1998-06-02',	136.00),
(11071,	'LILAS', 1,	'1998-05-05', '1998-06-02',	0.93),
(11072,	'ERNSH', 4,	'1998-05-05', '1998-06-02',	258.64),
(11073,	'PERIC', 7,	'1998-05-05', '1998-06-02',	24.95),
(11074,	'SIMOB', 7,	'1998-05-06', '1998-06-03',	18.44),
(11075,	'RICSU', 8,	'1998-05-06', '1998-06-03',	6.19),
(11076,	'BONAP', 4,	'1998-05-06', '1998-06-03',	38.28),
(11077,	'RATTC', 1,	'1998-05-06', '1998-06-03',	8.53);
GO
INSERT INTO TB_PRODUTO
(ProdutoId, Descricao, FornecedorId, CategoriaId, Preco, Unidades, Descontinuado)
VALUES
(1, 'Chai', 1, 1, 18.00, 39, 0), 
(2, 'Chang', 1, 1, 19.00, 17, 0), 
(3, 'Aniseed Syrup', 1, 2, 10.00, 13, 0), 
(4, 'Chef Anton´s Cajun Seasoning', 2, 2, 22.00, 53, 0), 
(5, 'Chef Anton´s Gumbo Mix', 2, 2, 1.3, 0, 1), 
(6, 'Grandma´s Boysenberry Spread', 3, 2, 5.00, 20, 0), 
(7, 'Uncle Bob´s Organic Dried Pears', 3, 7, 30.00, 15, 0), 
(8, 'Northwoods Cranberry Sauce', 3, 2, 40.0, 6, 0), 
(9, 'Mishi Kobe Niku', 4, 6, 97.00, 29, 1), 
(10, 'Ikura', 4, 8, 31.00, 31, 0), 
(11, 'Queso Cabrales', 5, 4, 21.00, 22, 0), 
(12, 'Queso Manchego La Pastora', 5, 4, 38.00, 86, 0), 
(13, 'Konbu', 6,  8, 6.00, 24, 0), 
(14, 'Tofu', 6, 7, 23.25, 35, 0), 
(15, 'Genen Shouyu', 6, 2, 15.50, 39, 0), 
(16, 'Pavlova', 7, 3, 17.45, 29, 0), 
(17, 'Alice Mutton', 7, 6, 39.0, 0, 1), 
(18, 'Carnarvon Tigers', 7, 8, 62.50, 42, 0), 
(19, 'Teatime Chocolate Biscuits', 8, 3, 9.20, 25, 0), 
(20, 'Sir Rodney´s Marmalade', 8, 3, 81.00, 40, 0), 
(21, 'Sir Rodney´s Scones', 8, 3, 10.0, 3, 0), 
(22, 'Gustaf´s Knäckebröd', 9, 5, 1.00, 04, 0), 
(23, 'Tunnbröd', 9, 5, 9.00, 61, 0), 
(24, 'Guaraná Fantástica', 10, 1, 4.50, 20, 1), 
(25, 'NuNuCa Nuß-Nougat-Creme', 11, 3, 14.00, 76, 0), 
(26, 'Gumbär Gummibärchen', 11, 3, 31.23, 15, 0), 
(27, 'Schoggi Schokolade', 11, 3, 43.90, 49, 0), 
(28, 'Rössle Sauerkraut', 12, 7, 45.60, 26, 1), 
(29, 'Thüringer Rostbratwurst', 12, 6, 123.7, 	0, 1), 
(30, 'Nord-Ost Matjeshering', 13, 8, 25.89, 10, 0), 
(31, 'Gorgonzola Telino', 14, 4, 12.5, 0, 0), 
(32, 'Mascarpone Fabioli', 14, 4, 32.0, 9, 0), 
(33, 'Geitost', 15, 4, 2.50, 12, 0), 
(34, 'Sasquatch Ale', 16, 1, 4.00, 11, 0), 
(35, 'Steeleye Stout', 16, 1, 18.00, 20, 0), 
(36, 'Inlagd Sill', 17, 8, 19.00, 112, 0), 
(37, 'Gravad lax', 17, 8, 26.00, 11, 0), 
(38, 'Côte de Blaye', 18, 1, 63.50, 17, 0), 
(39, 'Chartreuse verte', 18, 1, 18.00, 69, 0), 
(40, 'Boston Crab Meat', 19, 8, 8.40, 23, 0), 
(41, 'Jack´s New England Clam Chowder', 19, 8, 9.65, 85, 0), 
(42, 'Singaporean Hokkien Fried Mee', 20, 5, 14.00, 26, 1), 
(43, 'Ipoh Coffee', 20, 1, 46.00, 17, 0), 
(44, 'Gula Malacca', 20, 2, 19.45, 27, 0), 
(45, 'Røgede sild', 21, 8, 9.5, 5, 0), 
(46, 'Spegesild', 21, 8, 12.00, 95, 0), 
(47, 'Zaanse koeken', 22, 3, 9.50, 36, 0), 
(48, 'Chocolade', 22, 3, 12.75, 15, 0), 
(49, 'Maxilaku', 23, 3, 20.00, 10, 0), 
(50, 'Valkoinen suklaa', 23, 3, 16.25, 65, 0), 
(51, 'Manjimup Dried Apples', 24, 7, 53.00, 20, 0), 
(52, 'Filo Mix', 24, 5, 7.00, 38, 0), 
(53, 'Perth Pasties', 24, 6, 32.8, 0, 1), 
(54, 'Tourtière', 25, 6, 7.45, 21, 0), 
(55, 'Pâté chinois', 25, 6, 4.00, 15, 0), 
(56, 'Gnocchi di nonna Alice', 26, 5, 38.00, 21, 0), 
(57, 'Ravioli Angelo', 26, 5, 19.50, 36, 0), 
(58, 'Escargots de Bourgogne', 27, 8, 13.25, 62, 0), 
(59, 'Raclette Courdavault', 28, 4, 55.00, 79, 0), 
(60, 'Camembert Pierrot', 28, 4, 34.00, 19, 0), 
(61, 'Sirop d´érable', 29, 2, 8.50, 13, 0), 
(62, 'Tarte au sucre', 29, 3, 49.30, 17, 0), 
(63, 'Vegie-spread', 7, 2, 43.90, 24, 0), 
(64, 'Wimmers gute Semmelknödel', 12, 5, 33.25, 22, 0), 
(65, 'Louisiana Fiery Hot Pepper Sauce', 2, 2, 21.05, 76, 0), 
(66, 'Louisiana Hot Spiced Okra', 2, 2, 17.0, 	4, 0), 
(67, 'Laughing Lumberjack Lager', 16, 1, 14.00, 52, 0), 
(68, 'Scottish Longbreads', 8, 3, 12.5, 6, 0), 
(69, 'Gudbrandsdalsost', 15, 4, 36.00, 26, 0), 
(70, 'Outback Lager', 7, 1, 15.00, 15, 0), 
(71, 'Fløtemysost', 15, 4, 21.50, 26, 0), 
(72, 'Mozzarella di Giovanni', 14, 4, 34.80, 14, 0), 
(73, 'Röd Kaviar', 17, 8, 5.00, 01, 0), 
(74, 'Longlife Tofu', 4, 7, 10.0, 4, 0), 
(75, 'Rhönbräu Klosterbier', 12, 1, 7.75	, 25, 0), 
(76, 'Lakkalikööri', 23, 1, 18.00, 57, 0), 
(77, 'Original Frankfurter grüne Soße', 12, 2, 13.00, 32, 0)
GO 
INSERT INTO TB_DETALHE_PEDIDO
(NumeroPedido, ProdutoId, Preco, Quantidade, Desconto)
VALUES
(10250,	11,	14.00,	12,	0),
(10249,	72,	34.80,	5,	0),
(10249,	14,	18.60,	9,	0),
(10249,	51,	42.40,	40,	0),
(10250,	41,	7.70,	10,	0),
(10250,	51,	42.40,	35,	0.15),
(10251,	22,	16.80,	6,	0.05),
(10251,	57,	15.60,	15,	0.05),
(10251,	65,	16.80,	20,	0),
(10252,	20,	64.80,	40,	0.05),
(10252,	33,	2.00,	25,	0.05),
(10252,	60,	27.20,	40,	0),
(10253,	31,	10.00,	20,	0),
(10253,	39,	14.40,	42,	0),
(10253,	49,	16.00,	40,	0),
(10254,	24,	3.60,	15,	0.15),
(10254,	55,	19.20,	21,	0.15),
(10254,	74,	8.00,	21,	0),
(10255,	2,	15.20,	20,	0),
(10255,	16,	13.90,	35,	0),
(10255,	36,	15.20,	25,	0),
(10255,	59,	44.00,	30,	0),
(10256,	53,	26.20,	15,	0),
(10256,	77,	10.40,	12,	0),
(10257,	27,	35.10,	25,	0),
(10257,	39,	14.40,	6,	0),
(10257,	77,	10.40,	15,	0),
(10258,	2,	15.20,	50,	0.2),
(10258,	5,	17.00,	65,	0.2),
(10258,	32,	25.60,	6,	0.2),
(10259,	21,	8.00,	10,	0),
(10259,	37,	20.80,	1,	0),
(10260,	41,	7.70,	16,	0.25),
(10260,	57,	15.60,	50,	0),
(10260,	62,	39.40,	15,	0.25),
(10260,	70,	12.00,	21,	0.25),
(10261,	21,	8.00,	20,	0),
(10261,	35,	14.40,	20,	0),
(10262,	5,	17.00,	12,	0.2),
(10262,	7,	24.00,	15,	0),
(10262,	56,	30.40,	2,	0),
(10263,	16,	13.90,	60,	0.25),
(10263,	24,	3.60,	28,	0),
(10263,	30,	20.70,	60,	0.25),
(10263,	74,	8.00,	36,	0.25),
(10264,	2,	15.20,	35,	0),
(10264,	41,	7.70,	25,	0.15),
(10265,	17,	31.20,	30,	0),
(10265,	70,	12.00,	20,	0),
(10266,	12,	30.40,	12,	0.05),
(10267,	40,	14.70,	50,	0),
(10267,	59,	44.00,	70,	0.15),
(10267,	76,	14.40,	15,	0.15),
(10268,	29,	99.00,	10,	0),
(10268,	72,	27.80,	4,	0),
(10269,	33,	2.00,	60,	0.05),
(10269,	72,	27.80,	20,	0.05),
(10270,	36,	15.20,	30,	0),
(10270,	43,	36.80,	25,	0),
(10271,	33,	2.00,	24,	0),
(10272,	20,	64.80,	6,	0),
(10272,	31,	10.00,	40,	0),
(10272,	72,	27.80,	24,	0),
(10273,	10,	24.80,	24,	0.05),
(10273,	31,	10.00,	15,	0.05),
(10273,	33,	2.00,	20,	0),
(10273,	40,	14.70,	60,	0.05),
(10273,	76,	14.40,	33,	0.05),
(10274,	71,	17.20,	20,	0),
(10274,	72,	27.80,	7,	0),
(10275,	24,	3.60,	12,	0.05),
(10275,	59,	44.00,	6,	0.05),
(10276,	10,	24.80,	15,	0),
(10276,	13,	4.80,	10,	0),
(10277,	28,	36.40,	20,	0),
(10277,	62,	39.40,	12,	0),
(10278,	44,	15.50,	16,	0),
(10278,	59,	44.00,	15,	0),
(10278,	63,	35.10,	8,	0),
(10278,	73,	12.00,	25,	0),
(10279,	17,	31.20,	15,	0.25),
(10280,	24,	3.60,	12,	0),
(10280,	55,	19.20,	20,	0),
(10280,	75,	6.20,	30,	0),
(10281,	19,	7.30,	1,	0),
(10281,	24,	3.60,	6,	0),
(10281,	35,	14.40,	4,	0),
(10282,	30,	20.70,	6,	0),
(10282,	57,	15.60,	2,	0),
(10283,	15,	12.40,	20,	0),
(10283,	19,	7.30,	18,	0),
(10283,	60,	27.20,	35,	0),
(10283,	72,	27.80,	3,	0),
(10284,	27,	35.10,	15,	0.25),
(10284,	44,	15.50,	21,	0),
(10284,	60,	27.20,	20,	0.25),
(10284,	67,	11.20,	5,	0.25),
(10285,	1,	14.40,	45,	0.2),
(10285,	40,	14.70,	40,	0.2),
(10285,	53,	26.20,	36,	0.2),
(10286,	35,	14.40,	10, 0),
(10286,	62,	39.40,	40,	0),
(10287,	16,	13.90,	40,	0.15),
(10287,	34,	11.20,	20,	0),
(10287,	46,	9.60,	15,	0.15),
(10288,	54,	5.90,	10,	0.1),
(10288,	68,	10.00,	3,	0.1),
(10289,	3,	8.00,	30,	0),
(10289,	64,	26.60,	9,	0),
(10290,	5,	17.00,	20,	0),
(10290,	29,	99.00,	15,	0),
(10290,	49,	16.00,	15,	0),
(10290,	77,	10.40,	10,	0),
(10291,	13,	4.80,	20,	0.1),
(10291,	44,	15.50,	24,	0.1),
(10291,	51,	42.40,	2,	0.1),
(10292,	20,	64.80,	20,	0),
(10293,	18,	50.00,	12,	0),
(10293,	24,	3.60,	10,	0),
(10293,	63,	35.10,	5,	0),
(10293,	75,	6.20,	6,	0),
(10294,	1,	14.40,	18,	0),
(10294,	17,	31.20,	15,	0),
(10294,	43,	36.80,	15,	0),
(10294,	60,	27.20,	21,	0),
(10294,	75,	6.20,	6,	0),
(10295,	56,	30.40,	4,	0),
(10296,	11,	16.80,	12,	0),
(10296,	16,	13.90,	30,	0),
(10296,	69,	28.80,	15,	0),
(10297,	39,	14.40,	60,	0),
(10297,	72,	27.80,	20,	0),
(10298,	2,	15.20,	40,	0),
(10298,	36,	15.20,	40,	0.25),
(10298,	59,	44.00,	30,	0.25),
(10298,	62,	39.40,	15,	0),
(10299,	19,	7.30,	15,	0),
(10299,	70,	12.00,	20,	0),
(10300,	66,	13.60,	30,	0),
(10300,	68,	10.00,	20,	0),
(10301,	40,	14.70,	10,	0),
(10301,	56,	30.40,	20,	0),
(10302,	17,	31.20,	40,	0),
(10302,	28,	36.40,	28,	0),
(10302,	43,	36.80,	12,	0),
(10303,	40,	14.70,	40,	0.1),
(10303,	65,	16.80,	30,	0.1),
(10303,	68,	10.00,	15,	0.1),
(10304,	49,	16.00,	30,	0),
(10304,	59,	44.00,	10,	0),
(10304,	71,	17.20,	2,	0),
(10305,	18,	50.00,	25,	0.1),
(10305,	29,	99.00,	25,	0.1),
(10305,	39,	14.40,	30,	0.1),
(10306,	30,	20.70,	10,	0),
(10306,	53,	26.20,	10,	0),
(10306,	54,	5.90,	5,	0),
(10307,	62,	39.40,	10,	0),
(10307,	68,	10.00,	3,	0),
(10308,	69,	28.80,	1,	0),
(10308,	70,	12.00,	5,	0),
(10309,	4,	17.60,	20,	0),
(10309,	6,	20.00,	30,	0),
(10309,	42,	11.20,	2,	0),
(10309,	43,	36.80,	20,	0),
(10309,	71,	17.20,	3,	0),
(10310,	16,	13.90,	10,	0),
(10310,	62,	39.40,	5,	0),
(10311,	42,	11.20,	6,	0),
(10311,	69,	28.80,	7,	0),
(10312,	28,	36.40,	4,	0),
(10312,	43,	36.80,	24,	0),
(10312,	53,	26.20,	20,	0),
(10312,	75,	6.20,	10,	0),
(10313,	36,	15.20,	12,	0),
(10314,	32,	25.60,	40,	0.1),
(10314,	58,	10.60,	30,	0.1),
(10314,	62,	39.40,	25,	0.1),
(10315,	34,	11.20,	14,	0),
(10315,	70,	12.00,	30,	0),
(10316,	41,	7.70,	10,	0),
(10316,	62,	39.40,	70,	0),
(10317,	1,	14.40,	20,	0),
(10318,	41,	7.70,	20,	0),
(10318,	76,	14.40,	6,	0),
(10319,	17,	31.20,	8,	0),
(10319,	28,	36.40,	14,	0),
(10319,	76,	14.40,	30,	0),
(10320,	71,	17.20,	30,	0),
(10321,	35,	14.40,	10,	0),
(10322,	52,	5.60,	20,	0),
(10323,	15,	12.40,	5,	0),
(10323,	25,	11.20,	4,	0),
(10323,	39,	14.40,	4,	0),
(10324,	16,	13.90,	21,	0.15),
(10324,	35,	14.40,	70,	0.15),
(10324,	46,	9.60,	30,	0),
(10324,	59,	44.00,	40,	0.15),
(10324,	63,	35.10,	80,	0.15),
(10325,	6,	20.00,	6,	0),
(10325,	13,	4.80,	12,	0),
(10325,	14,	18.60,	9,	0),
(10325,	31,	10.00,	4,	0),
(10325,	72,	27.80,	40,	0),
(10326,	4,	17.60,	24,	0),
(10326,	57,	15.60,	16,	0),
(10326,	75,	6.20,	50,	0),
(10327,	2,	15.20,	25,	0.2),
(10327,	11,	16.80,	50,	0.2),
(10327,	30,	20.70,	35,	0.2),
(10327,	58,	10.60,	30,	0.2),
(10328,	59,	44.00,	9,	0),
(10328,	65,	16.80,	40,	0),
(10328,	68,	10.00,	10,	0),
(10329,	19,	7.30,	10,	0.05),
(10329,	30,	20.70,	8,	0.05),
(10329,	38,	210.80,	20,	0.05),
(10329,	56,	30.40,	12,	0.05),
(10330,	26,	24.90,	50,	0.15),
(10330,	72,	27.80,	25,	0.15),
(10331,	54,	5.90,	15,	0),
(10332,	18,	50.00,	40,	0.2),
(10332,	42,	11.20,	10,	0.2),
(10332,	47,	7.60,	16,	0.2),
(10333,	14,	18.60,	10,	0),
(10333,	21,	8.00,	10,	0.1),
(10333,	71,	17.20,	40,	0.1),
(10334,	52,	5.60,	8,	0),
(10334,	68,	10.00,	10,	0),
(10335,	2,	15.20,	7,	0.2),
(10335,	31,	10.00,	25,	0.2),
(10335,	32,	25.60,	6,	0.2),
(10335,	51,	42.40,	48,	0.2),
(10336,	4,	17.60,	18,	0.1),
(10337,	23,	7.20,	40,	0),
(10337,	26,	24.90,	24,	0),
(10337,	36,	15.20,	20,	0),
(10337,	37,	20.80,	28,	0),
(10337,	72,	27.80,	25,	0),
(10338,	17,	31.20,	20,	0),
(10338,	30,	20.70,	15,	0),
(10339,	4,	17.60,	10,	0);
GO
INSERT INTO TB_DETALHE_PEDIDO
(NumeroPedido, ProdutoId, Preco, Quantidade, Desconto)
VALUES
(10339,	17,	31.20,	70,	0.05),
(10339,	62,	39.40,	28,	0),
(10340,	18,	50.00,	20,	0.05),
(10340,	41,	7.70,	12,	0.05),
(10340,	43,	36.80,	40,	0.05),
(10341,	33,	2.00,	8,	0),
(10341,	59,	44.00,	9,	0.15),
(10342,	2,	15.20,	24,	0.2),
(10342,	31,	10.00,	56,	0.2),
(10342,	36,	15.20,	40,	0.2),
(10342,	55,	19.20,	40,	0.2),
(10343,	64,	26.60,	50,	0),
(10343,	68,	10.00,	4,	0.05),
(10343,	76,	14.40,	15,	0),
(10344,	4,	17.60,	35,	0),
(10344,	8,	32.00,	70,	0.25),
(10345,	8,	32.00,	70,	0),
(10345,	19,	7.30,	80,	0),
(10345,	42,	11.20,	9,	0),
(10346,	17,	31.20,	36,	0.1),
(10346,	56,	30.40,	20,	0),
(10347,	25,	11.20,	10,	0),
(10347,	39,	14.40,	50,	0.15),
(10347,	40,	14.70,	4,	0),
(10347,	75,	6.20,	6,	0.15),
(10348,	1,	14.40,	15,	0.15),
(10348,	23,	7.20,	25,	0),
(10349,	54,	5.90,	24,	0),
(10350,	50,	13.00,	15,	0.1),
(10350,	69,	28.80,	18,	0.1),
(10351,	38,	210.80,	20,	0.05),
(10351,	41,	7.70,	13,	0),
(10351,	44,	15.50,	77,	0.05),
(10351,	65,	16.80,	10,	0.05),
(10352,	24,	3.60,	10,	0),
(10352,	54,	5.90,	20,	0.15),
(10353,	11,	16.80,	12,	0.2),
(10353,	38,	210.80,	50,	0.2),
(10354,	1,	14.40,	12,	0),
(10354,	29,	99.00,	4,	0),
(10355,	24,	3.60,	25,	0),
(10355,	57,	15.60,	25,	0),
(10356,	31,	10.00,	30,	0),
(10356,	55,	19.20,	12,	0),
(10356,	69,	28.80,	20,	0),
(10357,	10,	24.80,	30,	0.2),
(10357,	26,	24.90,	16,	0),
(10357,	60,	27.20,	8,	0.2),
(10358,	24,	3.60,	10,	0.05),
(10358,	34,	11.20,	10,	0.05),
(10358,	36,	15.20,	20,	0.05),
(10359,	16,	13.90,	56,	0.05),
(10359,	31,	10.00,	70,	0.05),
(10359,	60,	27.20,	80,	0.05),
(10360,	28,	36.40,	30,	0),
(10360,	29,	99.00,	35,	0),
(10360,	38,	210.80,	10,	0),
(10360,	49,	16.00,	35,	0),
(10360,	54,	5.90,	28,	0),
(10361,	39,	14.40,	54,	0.1),
(10361,	60,	27.20,	55,	0.1),
(10362,	25,	11.20,	50,	0),
(10362,	51,	42.40,	20,	0),
(10362,	54,	5.90,	24,	0),
(10363,	31,	10.00,	20,	0),
(10363,	75,	6.20,	12,	0),
(10363,	76,	14.40,	12,	0),
(10364,	69,	28.80,	30,	0),
(10364,	71,	17.20,	5,	0),
(10365,	11,	16.80,	24,	0),
(10366,	65,	16.80,	5,	0),
(10366,	77,	10.40,	5,	0),
(10367,	34,	11.20,	36,	0),
(10367,	54,	5.90,	18,	0),
(10367,	65,	16.80,	15,	0),
(10367,	77,	10.40,	7,	0),
(10368,	21,	8.00,	5,	0.1),
(10368,	28,	36.40,	13,	0.1),
(10368,	57,	15.60,	25,	0),
(10368,	64,	26.60,	35,	0.1),
(10369,	29,	99.00,	20,	0),
(10369,	56,	30.40,	18,	0.25),
(10370,	1,	14.40,	15,	0.15),
(10370,	64,	26.60,	30,	0),
(10370,	74,	8.00,	20,	0.15),
(10371,	36,	15.20,	6,	0.2),
(10372,	20,	64.80,	12,	0.25),
(10372,	38,	210.80,	40,	0.25),
(10372,	60,	27.20,	70,	0.25),
(10372,	72,	27.80,	42,	0.25),
(10373,	58,	10.60,	80,	0.2),
(10373,	71,	17.20,	50,	0.2),
(10374,	31,	10.00,	30,	0),
(10374,	58,	10.60,	15,	0),
(10375,	14,	18.60,	15,	0),
(10375,	54,	5.90,	10,	0),
(10376,	31,	10.00,	42,	0.05),
(10377,	28,	36.40,	20,	0.15),
(10377,	39,	14.40,	20,	0.15),
(10378,	71,	17.20,	6,	0),
(10379,	41,	7.70,	8,	0.1),
(10379,	63,	35.10,	16,	0.1),
(10379,	65,	16.80,	20,	0.1),
(10380,	30,	20.70,	18,	0.1),
(10380,	53,	26.20,	20,	0.1),
(10380,	60,	27.20,	6,	0.1),
(10380,	70,	12.00,	30,	0),
(10381,	74,	8.00,	14,	0),
(10382,	5,	17.00,	32,	0),
(10382,	18,	50.00,	9,	0),
(10382,	29,	99.00,	14,	0),
(10382,	33,	2.00,	60,	0),
(10382,	74,	8.00,	50,	0),
(10383,	13,	4.80,	20,	0),
(10383,	50,	13.00,	15,	0),
(10383,	56,	30.40,	20,	0),
(10384,	20,	64.80,	28,	0),
(10384,	60,	27.20,	15,	0),
(10385,	7,	24.00,	10,	0.2),
(10385,	60,	27.20,	20,	0.2),
(10385,	68,	10.00,	8,	0.2),
(10386,	24,	3.60,	15,	0),
(10386,	34,	11.20,	10,	0),
(10387,	24,	3.60,	15,	0),
(10387,	28,	36.40,	6,	0),
(10387,	59,	44.00,	12,	0),
(10387,	71,	17.20,	15,	0),
(10388,	45,	7.60,	15,	0.2),
(10388,	52,	5.60,	20,	0.2),
(10388,	53,	26.20,	40,	0),
(10389,	10,	24.80,	16,	0),
(10389,	55,	19.20,	15,	0),
(10389,	62,	39.40,	20,	0),
(10389,	70,	12.00,	30,	0),
(10390,	31,	10.00,	60,	0.1),
(10390,	35,	14.40,	40,	0.1),
(10390,	46,	9.60,	45,	0),
(10390,	72,	27.80,	24,	0.1),
(10391,	13,	4.80,	18,	0),
(10392,	69,	28.80,	50,	0),
(10393,	2,	15.20,	25,	0.25),
(10393,	14,	18.60,	42,	0.25),
(10393,	25,	11.20,	7,	0.25),
(10393,	26,	24.90,	70,	0.25),
(10393,	31,	10.00,	32,	0),
(10394,	13,	4.80,	10,	0),
(10394,	62,	39.40,	10,	0),
(10395,	46,	9.60,	28,	0.1),
(10395,	53,	26.20,	70,	0.1),
(10395,	69,	28.80,	8,	0),
(10396,	23,	7.20,	40,	0),
(10396,	71,	17.20,	60,	0),
(10396,	72,	27.80,	21,	0),
(10397,	21,	8.00,	10,	0.15),
(10397,	51,	42.40,	18,	0.15),
(10398,	35,	14.40,	30,	0),
(10398,	55,	19.20,	120, 0.1),
(10399,	68,	10.00,	60,	0),
(10399,	71,	17.20,	30,	0),
(10399,	76,	14.40,	35,	0),
(10399,	77,	10.40,	14,	0),
(10400,	29,	99.00,	21,	0),
(10400,	35,	14.40,	35,	0),
(10400,	49,	16.00,	30,	0),
(10401,	30,	20.70,	18,	0),
(10401,	56,	30.40,	70,	0),
(10401,	65,	16.80,	20,	0),
(10401,	71,	17.20,	60,	0),
(10402,	23,	7.20,	60,	0),
(10402,	63,	35.10,	65,	0),
(10403,	16,	13.90,	21,	0.15),
(10403,	48,	10.20,	70,	0.15),
(10404,	26,	24.90,	30,	0.05),
(10404,	42,	11.20,	40,	0.05),
(10404,	49,	16.00,	30,	0.05),
(10405,	3,	8.00,	50,	0),
(10406,	1,	14.40,	10,	0),
(10406,	21,	8.00,	30,	0.1),
(10406,	28,	36.40,	42,	0.1),
(10406,	36,	15.20,	5,	0.1),
(10406,	40,	14.70,	2,	0.1),
(10407,	11,	16.80,	30,	0),
(10407,	69,	28.80,	15,	0),
(10407,	71,	17.20,	15,	0),
(10408,	37,	20.80,	10,	0),
(10408,	54,	5.90,	6,	0),
(10408,	62,	39.40,	35,	0),
(10409,	14,	18.60,	12,	0),
(10409,	21,	8.00,	12,	0),
(10410,	33,	2.00,	49,	0),
(10410,	59,	44.00,	16,	0),
(10411,	41,	7.70,	25,	0.2),
(10411,	44,	15.50,	40,	0.2),
(10411,	59,	44.00,	9,	0.2),
(10412,	14,	18.60,	20,	0.1),
(10413,	1,	14.40,	24,	0),
(10413,	62,	39.40,	40,	0),
(10413,	76,	14.40,	14,	0),
(10414,	19,	7.30,	18,	0.05),
(10414,	33,	2.00,	50,	0),
(10415,	17,	31.20,	2,	0),
(10415,	33,	2.00,	20,	0),
(10416,	19,	7.30,	20,	0),
(10416,	53,	26.20,	10,	0),
(10416,	57,	15.60,	20,	0),
(10417,	38,	210.80,	50,	0),
(10417,	46,	9.60,	2,	0.25),
(10417,	68,	10.00,	36,	0.25),
(10417,	77,	10.40,	35,	0),
(10418,	2,	15.20,	60,	0),
(10418,	47,	7.60,	55,	0),
(10418,	61,	22.80,	16,	0),
(10418,	74,	8.00,	15,	0),
(10419,	60,	27.20,	60,	0.05),
(10419,	69,	28.80,	20,	0.05),
(10420,	9,	77.60,	20,	0.1),
(10420,	13,	4.80,	2,	0.1),
(10420,	70,	12.00,	8,	0.1),
(10420,	73,	12.00,	20,	0.1),
(10421,	19,	7.30,	4,	0.15),
(10421,	26,	24.90,	30,	0),
(10421,	53,	26.20,	15,	0.15),
(10421,	77,	10.40,	10,	0.15),
(10422,	26,	24.90,	2,	0),
(10423,	31,	10.00,	14,	0),
(10423,	59,	44.00,	20,	0),
(10424,	35,	14.40,	60,	0.2),
(10424,	38,	210.80,	49,	0.2),
(10424,	68,	10.00,	30,	0.2),
(10425,	55,	19.20,	10,	0.25),
(10425,	76,	14.40,	20,	0.25),
(10426,	56,	30.40,	5,	0),
(10426,	64,	26.60,	7,	0),
(10427,	14,	18.60,	35,	0),
(10428,	46,	9.60,	20,	0),
(10429,	50,	13.00,	40,	0),
(10429,	63,	35.10,	35,	0.25),
(10430,	17,	31.20,	45,	0.2),
(10430,	21,	8.00,	50,	0),
(10430,	56,	30.40,	30,	0),
(10430,	59,	44.00,	70,	0.2),
(10431,	17,	31.20,	50,	0.25),
(10431,	40,	14.70,	50,	0.25),
(10431,	47,	7.60,	30,	0.25),
(10432,	26,	24.90,	10,	0),
(10432,	54,	5.90,	40,	0),
(10433,	56,	30.40,	28,	0),
(10434,	11,	16.80,	6,	0),
(10434,	76,	14.40,	18,	0.15),
(10435,	2,	15.20,	10,	0),
(10435,	22,	16.80,	12,	0),
(10435,	72,	27.80,	10,	0),
(10436,	46,	9.60,	5,	0),
(10436,	56,	30.40,	40,	0.1),
(10436,	64,	26.60,	30,	0.1),
(10436,	75,	6.20,	24,	0.1),
(10437,	53,	26.20,	15,	0),
(10438,	19,	7.30,	15,	0.2),
(10438,	34,	11.20,	20,	0.2),
(10438,	57,	15.60,	15,	0.2),
(10439,	12,	30.40,	15,	0),
(10439,	16,	13.90,	16,	0),
(10439,	64,	26.60,	6,	0),
(10439,	74,	8.00,	30,	0),
(10440,	2,	15.20,	45,	0.15),
(10440,	16,	13.90,	49,	0.15),
(10440,	29,	99.00,	24,	0.15),
(10440,	61,	22.80,	90,	0.15),
(10441,	27,	35.10,	50,	0),
(10442,	11,	16.80,	30,	0),
(10442,	54,	5.90,	80,	0),
(10442,	66,	13.60,	60,	0),
(10443,	11,	16.80,	6,	0.2),
(10443,	28,	36.40,	12,	0),
(10444,	17,	31.20,	10,	0),
(10444,	26,	24.90,	15,	0),
(10444,	35,	14.40,	8,	0),
(10444,	41,	7.70,	30,	0),
(10445,	39,	14.40,	6,	0),
(10445,	54,	5.90,	15,	0),
(10446,	19,	7.30,	12,	0.1),
(10446,	24,	3.60,	20,	0.1),
(10446,	31,	10.00,	3,	0.1),
(10446,	52,	5.60,	15,	0.1),
(10447,	19,	7.30,	40,	0),
(10447,	65,	16.80,	35,	0),
(10447,	71,	17.20,	2,	0),
(10448,	26,	24.90,	6,	0),
(10448,	40,	14.70,	20,	0),
(10449,	10,	24.80,	14,	0),
(10449,	52,	5.60,	20,	0),
(10449,	62,	39.40,	35,	0),
(10450,	10,	24.80,	20,	0.2),
(10450,	54,	5.90,	6,	0.2),
(10451,	55,	19.20,	120,	0.1),
(10451,	64,	26.60,	35,	0.1),
(10451,	65,	16.80,	28,	0.1),
(10451,	77,	10.40,	55,	0.1),
(10452,	28,	36.40,	15,	0),
(10452,	44,	15.50,	100,	0.05),
(10453,	48,	10.20,	15,	0.1),
(10453,	70,	12.00,	25,	0.1),
(10454,	16,	13.90,	20,	0.2),
(10454,	33,	2.00,	20,	0.2),
(10454,	46,	9.60,	10,	0.2),
(10455,	39,	14.40,	20,	0),
(10455,	53,	26.20,	50,	0),
(10455,	61,	22.80,	25,	0),
(10455,	71,	17.20,	30,	0),
(10456,	21,	8.00,	40,	0.15),
(10456,	49,	16.00,	21,	0.15),
(10457,	59,	44.00,	36,	0),
(10458,	26,	24.90,	30,	0),
(10458,	28,	36.40,	30,	0),
(10458,	43,	36.80,	20,	0),
(10458,	56,	30.40,	15,	0),
(10458,	71,	17.20,	50,	0);
GO
INSERT INTO TB_DETALHE_PEDIDO
(NumeroPedido, ProdutoId, Preco, Quantidade, Desconto)
VALUES
(10459,	7,	24.00,	16,	0.05),
(10459,	46,	9.60,	20,	0.05),
(10459,	72,	27.80,	40,	0),
(10460,	68,	10.00,	21,	0.25),
(10460,	75,	6.20,	4,	0.25),
(10461,	21,	8.00,	40,	0.25),
(10461,	30,	20.70,	28,	0.25),
(10461,	55,	19.20,	60,	0.25),
(10462,	13,	4.80,	1,	0),
(10462,	23,	7.20,	21,	0),
(10463,	19,	7.30,	21,	0),
(10463,	42,	11.20,	50,	0),
(10464,	4,	17.60,	16,	0.2),
(10464,	43,	36.80,	3,	0),
(10464,	56,	30.40,	30,	0.2),
(10464,	60,	27.20,	20,	0),
(10465,	24,	3.60,	25,	0),
(10465,	29,	99.00,	18,	0.1),
(10465,	40,	14.70,	20,	0),
(10465,	45,	7.60,	30,	0.1),
(10465,	50,	13.00,	25,	0),
(10466,	11,	16.80,	10,	0),
(10466,	46,	9.60,	5,	0),
(10467,	24,	3.60,	28,	0),
(10467,	25,	11.20,	12,	0),
(10468,	30,	20.70,	8,	0),
(10468,	43,	36.80,	15,	0),
(10469,	2,	15.20,	40,	0.15),
(10469,	16,	13.90,	35,	0.15),
(10469,	44,	15.50,	2,	0.15),
(10470,	18,	50.00,	30,	0),
(10470,	23,	7.20,	15,	0),
(10470,	64,	26.60,	8,	0),
(10471,	7,	24.00,	30,	0),
(10471,	56,	30.40,	20,	0),
(10472,	24,	3.60,	80,	0.05),
(10472,	51,	42.40,	18,	0),
(10473,	33,	2.00,	12,	0),
(10473,	71,	17.20,	12,	0),
(10474,	14,	18.60,	12,	0),
(10474,	28,	36.40,	18,	0),
(10474,	40,	14.70,	21,	0),
(10474,	75,	6.20,	10,	0),
(10475,	31,	10.00,	35,	0.15),
(10475,	66,	13.60,	60,	0.15),
(10475,	76,	14.40,	42,	0.15),
(10476,	55,	19.20,	2,	0.05),
(10476,	70,	12.00,	12,	0),
(10477,	1,	14.40,	15,	0),
(10477,	21,	8.00,	21,	0.25),
(10477,	39,	14.40,	20,	0.25),
(10478,	10,	24.80,	20,	0.05),
(10479,	38,	210.80,	30,	0),
(10479,	53,	26.20,	28,	0),
(10479,	59,	44.00,	60,	0),
(10479,	64,	26.60,	30,	0),
(10480,	47,	7.60,	30,	0),
(10480,	59,	44.00,	12,	0),
(10481,	49,	16.00,	24,	0),
(10481,	60,	27.20,	40,	0),
(10482,	40,	14.70,	10,	0),
(10483,	34,	11.20,	35,	0.05),
(10483,	77,	10.40,	30,	0.05),
(10484,	21,	8.00,	14,	0),
(10484,	40,	14.70,	10,	0),
(10484,	51,	42.40,	3,	0),
(10485,	2,	15.20,	20,	0.1),
(10485,	3,	8.00,	20,	0.1),
(10485,	55,	19.20,	30,	0.1),
(10485,	70,	12.00,	60,	0.1),
(10486,	11,	16.80,	5,	0),
(10486,	51,	42.40,	25,	0),
(10486,	74,	8.00,	16,	0),
(10487,	19,	7.30,	5,	0),
(10487,	26,	24.90,	30,	0),
(10487,	54,	5.90,	24,	0.25),
(10488,	59,	44.00,	30,	0),
(10488,	73,	12.00,	20,	0.2),
(10489,	11,	16.80,	15,	0.25),
(10489,	16,	13.90,	18,	0),
(10490,	59,	44.00,	60,	0),
(10490,	68,	10.00,	30,	0),
(10490,	75,	6.20,	36,	0),
(10491,	44,	15.50,	15,	0.15),
(10491,	77,	10.40,	7,	0.15),
(10492,	25,	11.20,	60,	0.05),
(10492,	42,	11.20,	20,	0.05),
(10493,	65,	16.80,	15,	0.1),
(10493,	66,	13.60,	10,	0.1),
(10493,	69,	28.80,	10,	0.1),
(10494,	56,	30.40,	30,	0),
(10495,	23,	7.20,	10,	0),
(10495,	41,	7.70,	20,	0),
(10495,	77,	10.40,	5,	0),
(10496,	31,	10.00,	20,	0.05),
(10497,	56,	30.40,	14,	0),
(10497,	72,	27.80,	25,	0),
(10497,	77,	10.40,	25,	0),
(10498,	24,	4.50,	14,	0),
(10498,	40,	18.40,	5,	0),
(10498,	42,	14.00,	30,	0),
(10499,	28,	45.60,	20,	0),
(10499,	49,	20.00,	25,	0),
(10500,	15,	15.50,	12,	0.05),
(10500,	28,	45.60,	8,	0.05),
(10501,	54,	7.45,	20,	0),
(10502,	45,	9.50,	21,	0),
(10502,	53,	32.80,	6,	0),
(10502,	67,	14.00,	30,	0),
(10503,	14,	23.25,	70,	0),
(10503,	65,	21.05,	20,	0),
(10504,	2,	19.00,	12,	0),
(10504,	21,	10.00,	12,	0),
(10504,	53,	32.80,	10,	0),
(10504,	61,	28.50,	25,	0),
(10505,	62,	49.30,	3,	0),
(10506,	25,	14.00,	18,	0.1),
(10506,	70,	15.00,	14,	0.1),
(10507,	43,	46.00,	15,	0.15),
(10507,	48,	12.75,	15,	0.15),
(10508,	13,	6.00,	10,	0),
(10508,	39,	18.00,	10,	0),
(10509,	28,	45.60,	3,	0),
(10510,	29,	123.79,	36,	0),
(10510,	75,	7.75,	36,	0.1),
(10511,	4,	22.00,	50,	0.15),
(10511,	7,	30.00,	50,	0.15),
(10511,	8,	40.00,	10,	0.15),
(10512,	24,	4.50,	10,	0.15),
(10512,	46,	12.00,	9,	0.15),
(10512,	47,	9.50,	6,	0.15),
(10512,	60,	34.00,	12,	0.15),
(10513,	21,	10.00,	40,	0.2),
(10513,	32,	32.00,	50,	0.2),
(10513,	61,	28.50,	15,	0.2),
(10514,	20,	81.00,	39,	0),
(10514,	28,	45.60,	35,	0),
(10514,	56,	38.00,	70,	0),
(10514,	65,	21.05,	39,	0),
(10514,	75,	7.75,	50,	0),
(10515,	9,	97.00,	16,	0.15),
(10515,	16,	17.45,	50,	0),
(10515,	27,	43.90,	120,	0),
(10515,	33,	2.50,	16,	0.15),
(10515,	60,	34.00,	84,	0.15),
(10516,	18,	62.50,	25,	0.1),
(10516,	41,	9.65,	80,	0.1),
(10516,	42,	14.00,	20,	0),
(10517,	52,	7.00,	6,	0),
(10517,	59,	55.00,	4,	0),
(10517,	70,	15.00,	6,	0),
(10518,	24,	4.50,	5,	0),
(10518,	38,	263.50,	15,	0),
(10518,	44,	19.45,	9,	0),
(10519,	10,	31.00,	16,	0.05),
(10519,	56,	38.00,	40,	0),
(10519,	60,	34.00,	10,	0.05),
(10520,	24,	4.50,	8,	0),
(10520,	53,	32.80,	5,	0),
(10521,	35,	18.00,	3,	0),
(10521,	41,	9.65,	10,	0),
(10521,	68,	12.50,	6,	0),
(10522,	1,	18.00,	40,	0.2),
(10522,	8,	40.00,	24,	0),
(10522,	30,	25.89,	20,	0.2),
(10522,	40,	18.40,	25,	0.2),
(10523,	17,	39.00,	25,	0.1),
(10523,	20,	81.00,	15,	0.1),
(10523,	37,	26.00,	18,	0.1),
(10523,	41,	9.65,	6,	0.1),
(10524,	10,	31.00,	2,	0),
(10524,	30,	25.89,	10,	0),
(10524,	43,	46.00,	60,	0),
(10524,	54,	7.45,	15,	0),
(10525,	36,	19.00,	30,	0),
(10525,	40,	18.40,	15,	0.1),
(10526,	1,	18.00,	8,	0.15),
(10526,	13,	6.00,	10,	0),
(10526,	56,	38.00,	30,	0.15),
(10527,	4,	22.00,	50,	0.1),
(10527,	36,	19.00,	30,	0.1),
(10528,	11,	21.00,	3,	0),
(10528,	33,	2.50,	8,	0.2),
(10528,	72,	34.80,	9,	0),
(10529,	55,	24.00,	14,	0),
(10529,	68,	12.50,	20,	0),
(10529,	69,	36.00,	10,	0),
(10530,	17,	39.00,	40,	0),
(10530,	43,	46.00,	25,	0),
(10530,	61,	28.50,	20,	0),
(10530,	76,	18.00,	50,	0),
(10531,	59,	55.00,	2,	0),
(10532,	30,	25.89,	15,	0),
(10532,	66,	17.00,	24,	0),
(10533,	4,	22.00,	50,	0.05),
(10533,	72,	34.80,	24,	0),
(10533,	73,	15.00,	24,	0.05),
(10534,	30,	25.89,	10,	0),
(10534,	40,	18.40,	10,	0.2),
(10534,	54,	7.45,	10,	0.2),
(10535,	11,	21.00,	50,	0.1),
(10535,	40,	18.40,	10,	0.1),
(10535,	57,	19.50,	5,	0.1),
(10535,	59,	55.00,	15,	0.1),
(10536,	12,	38.00,	15,	0.25),
(10536,	31,	12.50,	20,	0),
(10536,	33,	2.50,	30,	0),
(10536,	60,	34.00,	35,	0.25),
(10537,	31,	12.50,	30,	0),
(10537,	51,	53.00,	6,	0),
(10537,	58,	13.25,	20,	0),
(10537,	72,	34.80,	21,	0),
(10537,	73,	15.00,	9,	0),
(10538,	70,	15.00,	7,	0),
(10538,	72,	34.80,	1,	0),
(10539,	13,	6.00,	8,	0),
(10539,	21,	10.00,	15,	0),
(10539,	33,	2.50,	15,	0),
(10539,	49,	20.00,	6,	0),
(10540,	3,	10.00,	60,	0),
(10540,	26,	31.23,	40,	0),
(10540,	38,	263.50,	30,	0),
(10540,	68,	12.50,	35,	0),
(10541,	24,	4.50,	35,	0.1),
(10541,	38,	263.50,	4,	0.1),
(10541,	65,	21.05,	36,	0.1),
(10541,	71,	21.50,	9,	0.1),
(10542,	11,	21.00,	15,	0.05),
(10542,	54,	7.45,	24,	0.05),
(10543,	12,	38.00,	30,	0.15),
(10543,	23,	9.00,	70,	0.15),
(10544,	28,	45.60,	7,	0),
(10544,	67,	14.00,	7,	0),
(10545,	11,	21.00,	10,	0),
(10546,	7,	30.00,	10,	0),
(10546,	35,	18.00,	30,	0),
(10546,	62,	49.30,	40,	0),
(10547,	32,	32.00,	24,	0.15),
(10547,	36,	19.00,	60,	0),
(10548,	34,	14.00,	10,	0.25),
(10548,	41,	9.65,	14,	0),
(10549,	31,	12.50,	55,	0.15),
(10549,	45,	9.50,	100,	0.15),
(10549,	51,	53.00,	48,	0.15),
(10550,	17,	39.00,	8,	0.1),
(10550,	19,	9.20,	10,	0),
(10550,	21,	10.00,	6,	0.1),
(10550,	61,	28.50,	10,	0.1),
(10551,	16,	17.45,	40,	0.15),
(10551,	35,	18.00,	20,	0.15),
(10551,	44,	19.45,	40,	0),
(10552,	69,	36.00,	18,	0),
(10552,	75,	7.75,	30,	0),
(10553,	11,	21.00,	15,	0),
(10553,	16,	17.45,	14,	0),
(10553,	22,	21.00,	24,	0),
(10553,	31,	12.50,	30,	0),
(10553,	35,	18.00,	6,	0),
(10554,	16,	17.45,	30,	0.05),
(10554,	23,	9.00,	20,	0.05),
(10554,	62,	49.30,	20,	0.05),
(10554,	77,	13.00,	10,	0.05),
(10555,	14,	23.25,	30,	0.2),
(10555,	19,	9.20,	35,	0.2),
(10555,	24,	4.50,	18,	0.2),
(10555,	51,	53.00,	20,	0.2),
(10555,	56,	38.00,	40,	0.2),
(10556,	72,	34.80,	24,	0),
(10557,	64,	33.25,	30,	0),
(10557,	75,	7.75,	20,	0),
(10558,	47,	9.50,	25,	0),
(10558,	51,	53.00,	20,	0),
(10558,	52,	7.00,	30,	0),
(10558,	53,	32.80,	18,	0),
(10558,	73,	15.00,	3,	0),
(10559,	41,	9.65,	12,	0.05),
(10559,	55,	24.00,	18,	0.05),
(10560,	30,	25.89,	20,	0),
(10560,	62,	49.30,	15,	0.25),
(10561,	44,	19.45,	10,	0),
(10561,	51,	53.00,	50,	0),
(10562,	33,	2.50,	20,	0.1),
(10562,	62,	49.30,	10,	0.1),
(10563,	36,	19.00,	25,	0),
(10563,	52,	7.00,	70,	0),
(10564,	17,	39.00,	16,	0.05),
(10564,	31,	12.50,	6,	0.05),
(10564,	55,	24.00,	25,	0.05),
(10565,	24,	4.50,	25,	0.1),
(10565,	64,	33.25,	18,	0.1),
(10566,	11,	21.00,	35,	0.15),
(10566,	18,	62.50,	18,	0.15),
(10566,	76,	18.00,	10,	0),
(10567,	31,	12.50,	60,	0.2),
(10567,	51,	53.00,	3,	0),
(10567,	59,	55.00,	40,	0.2),
(10568,	10,	31.00,	5,	0),
(10569,	31,	12.50,	35,	0.2),
(10569,	76,	18.00,	30,	0),
(10570,	11,	21.00,	15,	0.05),
(10570,	56,	38.00,	60,	0.05),
(10571,	14,	23.25,	11,	0.15),
(10571,	42,	14.00,	28,	0.15),
(10572,	16,	17.45,	12,	0.1),
(10572,	32,	32.00,	10,	0.1),
(10572,	40,	18.40,	50,	0),
(10572,	75,	7.75,	15,	0.1),
(10573,	17,	39.00,	18,	0),
(10573,	34,	14.00,	40,	0),
(10573,	53,	32.80,	25,	0),
(10574,	33,	2.50,	14,	0),
(10574,	40,	18.40,	2,	0),
(10574,	62,	49.30,	10,	0),
(10574,	64,	33.25,	6,	0),
(10575,	59,	55.00,	12,	0),
(10575,	63,	43.90,	6,	0),
(10575,	72,	34.80,	30,	0),
(10575,	76,	18.00,	10,	0),
(10576,	1,	18.00,	10,	0),
(10576,	31,	12.50,	20,	0),
(10576,	44,	19.45,	21,	0),
(10577,	39,	18.00,	10,	0),
(10577,	75,	7.75,	20,	0),
(10577,	77,	13.00,	18,	0),
(10578,	35,	18.00,	20,	0),
(10578,	57,	19.50,	6,	0),
(10579,	15,	15.50,	10,	0),
(10579,	75,	7.75,	21,	0),
(10580,	14,	23.25,	15,	0.05),
(10580,	41,	9.65,	9,	0.05),
(10580,	65,	21.05,	30,	0.05),
(10581,	75,	7.75,	50,	0.2),
(10582,	57,	19.50,	4,	0),
(10582,	76,	18.00,	14,	0),
(10583,	29,	123.79,	10,	0),
(10583,	60,	34.00,	24,	0.15),
(10583,	69,	36.00,	10,	0.15),
(10584,	31,	12.50,	50,	0.05),
(10585,	47,	9.50,	15,	0),
(10586,	52,	7.00,	4,	0.15),
(10587,	26,	31.23,	6,	0),
(10587,	35,	18.00,	20,	0),
(10587,	77,	13.00,	20,	0),
(10588,	18,	62.50,	40,	0.2),
(10588,	42,	14.00,	100,	0.2),
(10589,	35,	18.00,	4,	0),
(10590,	1,	18.00,	20,	0),
(10590,	77,	13.00,	60,	0.05),
(10591,	3,	10.00,	14,	0),
(10591,	7,	30.00,	10,	0),
(10591,	54,	7.45,	50,	0),
(10592,	15,	15.50,	25,	0.05),
(10592,	26,	31.23,	5,	0.05),
(10593,	20,	81.00,	21,	0.2),
(10593,	69,	36.00,	20,	0.2),
(10593,	76,	18.00,	4,	0.2),
(10594,	52,	7.00,	24,	0),
(10594,	58,	13.25,	30,	0),
(10595,	35,	18.00,	30,	0.25),
(10595,	61,	28.50,	120,	0.25),
(10595,	69,	36.00,	65,	0.25),
(10596,	56,	38.00,	5,	0.2),
(10596,	63,	43.90,	24,	0.2),
(10596,	75,	7.75,	30,	0.2);
GO
INSERT INTO TB_DETALHE_PEDIDO
(NumeroPedido, ProdutoId, Preco, Quantidade, Desconto)
VALUES
(10597,	24,	4.50,	35,	0.2),
(10597,	57,	19.50,	20,	0),
(10597,	65,	21.05,	12,	0.2),
(10598,	27,	43.90,	50,	0),
(10598,	71,	21.50,	9,	0),
(10599,	62,	49.30,	10,	0),
(10600,	54,	7.45,	4,	0),
(10600,	73,	15.00,	30,	0),
(10601,	13,	6.00,	60,	0),
(10601,	59,	55.00,	35,	0),
(10602,	77,	13.00,	5,	0.25),
(10603,	22,	21.00,	48,	0),
(10603,	49,	20.00,	25,	0.05),
(10604,	48,	12.75,	6,	0.1),
(10604,	76,	18.00,	10,	0.1),
(10605,	16,	17.45,	30,	0.05),
(10605,	59,	55.00,	20,	0.05),
(10605,	60,	34.00,	70,	0.05),
(10605,	71,	21.50,	15,	0.05),
(10606,	4,	22.00,	20,	0.2),
(10606,	55,	24.00,	20,	0.2),
(10606,	62,	49.30,	10,	0.2),
(10607,	7,	30.00,	45,	0),
(10607,	17,	39.00,	100, 0),
(10607,	33,	2.50,	14,	0),
(10607,	40,	18.40,	42,	0),
(10607,	72,	34.80,	12,	0),
(10608,	56,	38.00,	28,	0),
(10609,	1,	18.00,	3,	0),
(10609,	10,	31.00,	10,	0),
(10609,	21,	10.00,	6,	0),
(10610,	36,	19.00,	21,	0.25),
(10611,	1,	18.00,	6,	0),
(10611,	2,	19.00,	10,	0),
(10611,	60,	34.00,	15,	0),
(10612,	10,	31.00,	70,	0),
(10612,	36,	19.00,	55,	0),
(10612,	49,	20.00,	18,	0),
(10612,	60,	34.00,	40,	0),
(10612,	76,	18.00,	80,	0),
(10613,	13,	6.00,	8,	0.1),
(10613,	75,	7.75,	40,	0),
(10614,	11,	21.00,	14,	0),
(10614,	21,	10.00,	8,	0),
(10614,	39,	18.00,	5,	0),
(10615,	55,	24.00,	5,	0),
(10616,	38,	263.50,	15,	0.05),
(10616,	56,	38.00,	14,	0),
(10616,	70,	15.00,	15,	0.05),
(10616,	71,	21.50,	15,	0.05),
(10617,	59,	55.00,	30,	0.15),
(10618,	6,	25.00,	70,	0),
(10618,	56,	38.00,	20,	0),
(10618,	68,	12.50,	15,	0),
(10619,	21,	10.00,	42,	0),
(10619,	22,	21.00,	40,	0),
(10620,	24,	4.50,	5,	0),
(10620,	52,	7.00,	5,	0),
(10621,	19,	9.20,	5,	0),
(10621,	23,	9.00,	10,	0),
(10621,	70,	15.00,	20,	0),
(10621,	71,	21.50,	15,	0),
(10622,	2,	19.00,	20,	0),
(10622,	68,	12.50,	18,	0.2),
(10623,	14,	23.25,	21,	0),
(10623,	19,	9.20,	15,	0.1),
(10623,	21,	10.00,	25,	0.1),
(10623,	24,	4.50,	3,	0),
(10623,	35,	18.00,	30,	0.1),
(10624,	28,	45.60,	10,	0),
(10624,	29,	123.79,	6,	0),
(10624,	44,	19.45,	10,	0),
(10625,	14,	23.25,	3,	0),
(10625,	42,	14.00,	5,	0),
(10625,	60,	34.00,	10,	0),
(10626,	53,	32.80,	12,	0),
(10626,	60,	34.00,	20,	0),
(10626,	71,	21.50,	20,	0),
(10627,	62,	49.30,	15,	0),
(10627,	73,	15.00,	35,	0.15),
(10628,	1,	18.00,	25,	0),
(10629,	29,	123.79,	20,	0),
(10629,	64,	33.25,	9,	0),
(10630,	55,	24.00,	12,	0.05),
(10630,	76,	18.00,	35,	0),
(10631,	75,	7.75,	8,	0.1),
(10632,	2,	19.00,	30,	0.05),
(10632,	33,	2.50,	20,	0.05),
(10633,	12,	38.00,	36,	0.15),
(10633,	13,	6.00,	13,	0.15),
(10633,	26,	31.23,	35,	0.15),
(10633,	62,	49.30,	80,	0.15),
(10634,	7,	30.00,	35,	0),
(10634,	18,	62.50,	50,	0),
(10634,	51,	53.00,	15,	0),
(10634,	75,	7.75,	2,	0),
(10635,	4,	22.00,	10,	0.1),
(10635,	5,	21.35,	15,	0.1),
(10635,	22,	21.00,	40,	0),
(10636,	4,	22.00,	25,	0),
(10636,	58,	13.25,	6,	0),
(10637,	11,	21.00,	10,	0),
(10637,	50,	16.25,	25,	0.05),
(10637,	56,	38.00,	60,	0.05),
(10638,	45,	9.50,	20,	0),
(10638,	65,	21.05,	21,	0),
(10638,	72,	34.80,	60,	0),
(10639,	18,	62.50,	8,	0),
(10640,	69,	36.00,	20,	0.25),
(10640,	70,	15.00,	15,	0.25),
(10641,	2,	19.00,	50,	0),
(10641,	40,	18.40,	60,	0),
(10642,	21,	10.00,	30,	0.2),
(10642,	61,	28.50,	20,	0.2),
(10643,	28,	45.60,	15,	0.25),
(10643,	39,	18.00,	21,	0.25),
(10643,	46,	12.00,	2,	0.25),
(10644,	18,	62.50,	4,	0.1),
(10644,	43,	46.00,	20,	0),
(10644,	46,	12.00,	21,	0.1),
(10645,	18,	62.50,	20,	0),
(10645,	36,	19.00,	15,	0),
(10646,	1,	18.00,	15,	0.25),
(10646,	10,	31.00,	18,	0.25),
(10646,	71,	21.50,	30,	0.25),
(10646,	77,	13.00,	35,	0.25),
(10647,	19,	9.20,	30,	0),
(10647,	39,	18.00,	20,	0),
(10648,	22,	21.00,	15,	0),
(10648,	24,	4.50,	15,	0.15),
(10649,	28,	45.60,	20,	0),
(10649,	72,	34.80,	15,	0),
(10650,	30,	25.89,	30,	0),
(10650,	53,	32.80,	25,	0.05),
(10650,	54,	7.45,	30,	0),
(10651,	19,	9.20,	12,	0.25),
(10651,	22,	21.00,	20,	0.25),
(10652,	30,	25.89,	2,	0.25),
(10652,	42,	14.00,	20,	0),
(10653,	16,	17.45,	30,	0.1),
(10653,	60,	34.00,	20,	0.1),
(10654,	4,	22.00,	12,	0.1),
(10654,	39,	18.00,	20,	0.1),
(10654,	54,	7.45,	6,	0.1),
(10655,	41,	9.65,	20,	0.2),
(10656,	14,	23.25,	3,	0.1),
(10656,	44,	19.45,	28,	0.1),
(10656,	47,	9.50,	6,	0.1),
(10657,	15,	15.50,	50,	0),
(10657,	41,	9.65,	24,	0),
(10657,	46,	12.00,	45,	0),
(10657,	47,	9.50,	10,	0),
(10657,	56,	38.00,	45,	0),
(10657,	60,	34.00,	30,	0),
(10658,	21,	10.00,	60,	0),
(10658,	40,	18.40,	70,	0.05),
(10658,	60,	34.00,	55,	0.05),
(10658,	77,	13.00,	70,	0.05),
(10659,	31,	12.50,	20,	0.05),
(10659,	40,	18.40,	24,	0.05),
(10659,	70,	15.00,	40,	0.05),
(10660,	20,	81.00,	21,	0),
(10661,	39,	18.00,	3,	0.2),
(10661,	58,	13.25,	49,	0.2),
(10662,	68,	12.50,	10,	0),
(10663,	40,	18.40,	30,	0.05),
(10663,	42,	14.00,	30,	0.05),
(10663,	51,	53.00,	20,	0.05),
(10664,	10,	31.00,	24,	0.15),
(10664,	56,	38.00,	12,	0.15),
(10664,	65,	21.05,	15,	0.15),
(10665,	51,	53.00,	20,	0),
(10665,	59,	55.00,	1,	0),
(10665,	76,	18.00,	10,	0),
(10666,	29,	123.79,	36,	0),
(10666,	65,	21.05,	10,	0),
(10667,	69,	36.00,	45,	0.2),
(10667,	71,	21.50,	14,	0.2),
(10668,	31,	12.50,	8,	0.1),
(10668,	55,	24.00,	4,	0.1),
(10668,	64,	33.25,	15,	0.1),
(10669,	36,	19.00,	30,	0),
(10670,	23,	9.00,	32,	0),
(10670,	46,	12.00,	60,	0),
(10670,	67,	14.00,	25,	0),
(10670,	73,	15.00,	50,	0),
(10670,	75,	7.75,	25,	0),
(10671,	16,	17.45,	10,	0),
(10671,	62,	49.30,	10,	0),
(10671,	65,	21.05,	12,	0),
(10672,	38,	263.50,	15,	0.1),
(10672,	71,	21.50,	12,	0),
(10673,	16,	17.45,	3,	0),
(10673,	42,	14.00,	6,	0),
(10673,	43,	46.00,	6,	0),
(10674,	23,	9.00,	5,	0),
(10675,	14,	23.25,	30,	0),
(10675,	53,	32.80,	10,	0),
(10675,	58,	13.25,	30,	0),
(10676,	10,	31.00,	2,	0),
(10676,	19,	9.20,	7,	0),
(10676,	44,	19.45,	21,	0),
(10677,	26,	31.23,	30,	0.15),
(10677,	33,	2.50,	8,	0.15),
(10678,	12,	38.00,	100, 0),
(10678,	33,	2.50,	30,	0),
(10678,	41,	9.65,	120, 0),
(10678,	54,	7.45,	30,	0),
(10679,	59,	55.00,	12,	0),
(10680,	16,	17.45,	50,	0.25),
(10680,	31,	12.50,	20,	0.25),
(10680,	42,	14.00,	40,	0.25),
(10681,	19,	9.20,	30,	0.1),
(10681,	21,	10.00,	12,	0.1),
(10681,	64,	33.25,	28,	0),
(10682,	33,	2.50,	30,	0),
(10682,	66,	17.00,	4,	0),
(10682,	75,	7.75,	30,	0),
(10683,	52,	7.00,	9,	0),
(10684,	40,	18.40,	20,	0),
(10684,	47,	9.50,	40,	0),
(10684,	60,	34.00,	30,	0),
(10685,	10,	31.00,	20,	0),
(10685,	41,	9.65,	4,	0),
(10685,	47,	9.50,	15,	0),
(10686,	17,	39.00,	30,	0.2),
(10686,	26,	31.23,	15,	0),
(10687,	9,	97.00,	50,	0.25),
(10687,	29,	123.79,	10,	0),
(10687,	36,	19.00,	6,	0.25),
(10688,	10,	31.00,	18,	0.1),
(10688,	28,	45.60,	60,	0.1),
(10688,	34,	14.00,	14,	0),
(10689,	1,	18.00,	35,	0.25),
(10690,	56,	38.00,	20,	0.25),
(10690,	77,	13.00,	30,	0.25),
(10691,	1,	18.00,	30,	0),
(10691,	29,	123.79,	40,	0),
(10691,	43,	46.00,	40,	0),
(10691,	44,	19.45,	24,	0),
(10691,	62,	49.30,	48,	0),
(10692,	63,	43.90,	20,	0),
(10693,	9,	97.00,	6,	0),
(10693,	54,	7.45,	60,	0.15),
(10693,	69,	36.00,	30,	0.15),
(10693,	73,	15.00,	15,	0.15),
(10694,	7,	30.00,	90,	0),
(10694,	59,	55.00,	25,	0),
(10694,	70,	15.00,	50,	0),
(10695,	8,	40.00,	10,	0),
(10695,	12,	38.00,	4,	0),
(10695,	24,	4.50,	20,	0),
(10696,	17,	39.00,	20,	0),
(10696,	46,	12.00,	18,	0),
(10697,	19,	9.20,	7,	0.25),
(10697,	35,	18.00,	9,	0.25),
(10697,	58,	13.25,	30,	0.25),
(10697,	70,	15.00,	30,	0.25),
(10698,	11,	21.00,	15,	0),
(10698,	17,	39.00,	8,	0.05),
(10698,	29,	123.79,	12,	0.05),
(10698,	65,	21.05,	65,	0.05),
(10698,	70,	15.00,	8,	0.05),
(10699,	47,	9.50,	12,	0),
(10700,	1,	18.00,	5,	0.2),
(10700,	34,	14.00,	12,	0.2),
(10700,	68,	12.50,	40,	0.2),
(10700,	71,	21.50,	60,	0.2),
(10701,	59,	55.00,	42,	0.15),
(10701,	71,	21.50,	20,	0.15),
(10701,	76,	18.00,	35,	0.15),
(10702,	3,	10.00,	6,	0),
(10702,	76,	18.00,	15,	0),
(10703,	2,	19.00,	5,	0),
(10703,	59,	55.00,	35,	0),
(10703,	73,	15.00,	35,	0),
(10704,	4,	22.00,	6,	0),
(10704,	24,	4.50,	35,	0),
(10704,	48,	12.75,	24,	0),
(10705,	31,	12.50,	20,	0),
(10705,	32,	32.00,	4,	0),
(10706,	16,	17.45,	20,	0),
(10706,	43,	46.00,	24,	0),
(10706,	59,	55.00,	8,	0),
(10707,	55,	24.00,	21,	0),
(10707,	57,	19.50,	40,	0),
(10707,	70,	15.00,	28,	0.15),
(10708,	5,	21.35,	4,	0),
(10708,	36,	19.00,	5,	0),
(10709,	8,	40.00,	40,	0),
(10709,	51,	53.00,	28,	0),
(10709,	60,	34.00,	10,	0),
(10710,	19,	9.20,	5,	0),
(10710,	47,	9.50,	5,	0),
(10711,	19,	9.20,	12,	0),
(10711,	41,	9.65,	42,	0),
(10711,	53,	32.80,	120, 0),
(10712,	53,	32.80,	3,	0.05),
(10712,	56,	38.00,	30,	0),
(10713,	10,	31.00,	18,	0),
(10713,	26,	31.23,	30,	0),
(10713,	45,	9.50,	110,	0),
(10713,	46,	12.00,	24,	0),
(10714,	2,	19.00,	30,	0.25),
(10714,	17,	39.00,	27,	0.25),
(10714,	47,	9.50,	50,	0.25),
(10714,	56,	38.00,	18,	0.25),
(10714,	58,	13.25,	12,	0.25),
(10715,	10,	31.00,	21,	0),
(10715,	71,	21.50,	30,	0),
(10716,	21,	10.00,	5,	0),
(10716,	51,	53.00,	7,	0),
(10716,	61,	28.50,	10,	0),
(10717,	21,	10.00,	32,	0.05),
(10717,	54,	7.45,	15,	0),
(10717,	69,	36.00,	25,	0.05),
(10718,	12,	38.00,	36,	0),
(10718,	16,	17.45,	20,	0),
(10718,	36,	19.00,	40,	0),
(10718,	62,	49.30,	20,	0),
(10719,	18,	62.50,	12,	0.25),
(10719,	30,	25.89,	3,	0.25),
(10719,	54,	7.45,	40,	0.25),
(10720,	35,	18.00,	21,	0),
(10720,	71,	21.50,	8,	0),
(10721,	44,	19.45,	50,	0.05),
(10722,	2,	19.00,	3,	0),
(10722,	31,	12.50,	50,	0),
(10722,	68,	12.50,	45,	0),
(10722,	75,	7.75,	42,	0),
(10723,	26,	31.23,	15,	0),
(10724,	10,	31.00,	16,	0),
(10724,	61,	28.50,	5,	0),
(10725,	41,	9.65,	12,	0),
(10725,	52,	7.00,	4,	0),
(10725,	55,	24.00,	6,	0),
(10726,	4,	22.00,	25,	0),
(10726,	11,	21.00,	5,	0),
(10727,	17,	39.00,	20,	0.05),
(10727,	56,	38.00,	10,	0.05),
(10727,	59,	55.00,	10,	0.05),
(10728,	30,	25.89,	15,	0),
(10728,	40,	18.40,	6,	0),
(10728,	55,	24.00,	12,	0),
(10728,	60,	34.00,	15,	0),
(10729,	1,	18.00,	50,	0),
(10729,	21,	10.00,	30,	0),
(10729,	50,	16.25,	40,	0),
(10730,	16,	17.45,	15,	0.05),
(10730,	31,	12.50,	3,	0.05),
(10730,	65,	21.05,	10,	0.05),
(10731,	21,	10.00,	40,	0.05),
(10731,	51,	53.00,	30,	0.05),
(10732,	76,	18.00,	20,	0),
(10733,	14,	23.25,	16,	0),
(10733,	28,	45.60,	20,	0),
(10733,	52,	7.00,	25,	0),
(10734,	6,	25.00,	30,	0),
(10734,	30,	25.89,	15,	0),
(10734,	76,	18.00,	20,	0),
(10735,	61,	28.50,	20,	0.1),
(10735,	77,	13.00,	2,	0.1),
(10736,	65,	21.05,	40,	0),
(10736,	75,	7.75,	20,	0),
(10737,	13,	6.00,	4,	0),
(10737,	41,	9.65,	12,	0),
(10738,	16,	17.45,	3,	0),
(10739,	36,	19.00,	6,	0),
(10739,	52,	7.00,	18,	0),
(10740,	28,	45.60,	5,	0.2),
(10740,	35,	18.00,	35,	0.2),
(10740,	45,	9.50,	40,	0.2),
(10740,	56,	38.00,	14,	0.2),
(10741,	2,	19.00,	15,	0.2),
(10742,	3,	10.00,	20,	0),
(10742,	60,	34.00,	50,	0),
(10742,	72,	34.80,	35,	0),
(10743,	46,	12.00,	28,	0.05),
(10744,	40,	18.40,	50,	0.2),
(10745,	18,	62.50,	24,	0),
(10745,	44,	19.45,	16,	0),
(10745,	59,	55.00,	45,	0),
(10745,	72,	34.80,	7,	0),
(10746,	13,	6.00,	6,	0),
(10746,	42,	14.00,	28,	0),
(10746,	62,	49.30,	9,	0),
(10746,	69,	36.00,	40,	0),
(10747,	31,	12.50,	8,	0),
(10747,	41,	9.65,	35,	0),
(10747,	63,	43.90,	9,	0),
(10747,	69,	36.00,	30,	0),
(10748,	23,	9.00,	44,	0),
(10748,	40,	18.40,	40,	0),
(10748,	56,	38.00,	28,	0),
(10749,	56,	38.00,	15,	0),
(10749,	59,	55.00,	6,	0),
(10749,	76,	18.00,	10,	0),
(10750,	14,	23.25,	5,	0.15),
(10750,	45,	9.50,	40,	0.15),
(10750,	59,	55.00,	25,	0.15),
(10751,	26,	31.23,	12,	0.1),
(10751,	30,	25.89,	30,	0),
(10751,	50,	16.25,	20,	0.1),
(10751,	73,	15.00,	15,	0),
(10752,	1,	18.00,	8,	0),
(10752,	69,	36.00,	3,	0),
(10753,	45,	9.50,	4,	0),
(10753,	74,	10.00,	5,	0),
(10754,	40,	18.40,	3,	0),
(10755,	47,	9.50,	30,	0.25),
(10755,	56,	38.00,	30,	0.25),
(10755,	57,	19.50,	14,	0.25),
(10755,	69,	36.00,	25,	0.25),
(10756,	18,	62.50,	21,	0.2),
(10756,	36,	19.00,	20,	0.2),
(10756,	68,	12.50,	6,	0.2),
(10756,	69,	36.00,	20,	0.2),
(10757,	34,	14.00,	30,	0),
(10757,	59,	55.00,	7,	0),
(10757,	62,	49.30,	30,	0),
(10757,	64,	33.25,	24,	0),
(10758,	26,	31.23,	20,	0),
(10758,	52,	7.00,	60,	0),
(10758,	70,	15.00,	40,	0),
(10759,	32,	32.00,	10,	0),
(10760,	25,	14.00,	12,	0.25),
(10760,	27,	43.90,	40,	0),
(10760,	43,	46.00,	30,	0.25),
(10761,	25,	14.00,	35,	0.25),
(10761,	75,	7.75,	18,	0),
(10762,	39,	18.00,	16,	0),
(10762,	47,	9.50,	30,	0),
(10762,	51,	53.00,	28,	0),
(10762,	56,	38.00,	60,	0),
(10763,	21,	10.00,	40,	0),
(10763,	22,	21.00,	6,	0),
(10763,	24,	4.50,	20,	0),
(10764,	3,	10.00,	20,	0.1),
(10764,	39,	18.00,	130,	0.1),
(10765,	65,	21.05,	80,	0.1),
(10766,	2,	19.00,	40,	0),
(10766,	7,	30.00,	35,	0),
(10766,	68,	12.50,	40,	0),
(10767,	42,	14.00,	2,	0),
(10768,	22,	21.00,	4,	0),
(10768,	31,	12.50,	50,	0),
(10768,	60,	34.00,	15,	0),
(10768,	71,	21.50,	12,	0),
(10769,	41,	9.65,	30,	0.05),
(10769,	52,	7.00,	15,	0.05),
(10769,	61,	28.50,	20,	0),
(10769,	62,	49.30,	15,	0),
(10770,	11,	21.00,	15,	0.25),
(10771,	71,	21.50,	16,	0),
(10772,	29,	123.79,	18,	0),
(10772,	59,	55.00,	25,	0),
(10773,	17,	39.00,	33,	0),
(10773,	31,	12.50,	70,	0.2),
(10773,	75,	7.75,	7,	0.2),
(10774,	31,	12.50,	2,	0.25),
(10774,	66,	17.00,	50,	0),
(10775,	10,	31.00,	6,	0),
(10775,	67,	14.00,	3,	0),
(10776,	31,	12.50,	16,	0.05),
(10776,	42,	14.00,	12,	0.05),
(10776,	45,	9.50,	27,	0.05),
(10776,	51,	53.00,	120,	0.05),
(10777,	42,	14.00,	20,	0.2),
(10778,	41,	9.65,	10,	0),
(10779,	16,	17.45,	20,	0),
(10779,	62,	49.30,	20,	0),
(10780,	70,	15.00,	35,	0),
(10780,	77,	13.00,	15,	0),
(10781,	54,	7.45,	3,	0.2),
(10781,	56,	38.00,	20,	0.2),
(10781,	74,	10.00,	35,	0),
(10782,	31,	12.50,	1,	0),
(10783,	31,	12.50,	10,	0),
(10783,	38,	263.50,	5,	0),
(10784,	36,	19.00,	30,	0),
(10784,	39,	18.00,	2,	0.15),
(10784,	72,	34.80,	30,	0.15),
(10785,	10,	31.00,	10,	0),
(10785,	75,	7.75,	10,	0),
(10786,	8,	40.00,	30,	0.2),
(10786,	30,	25.89,	15,	0.2),
(10786,	75,	7.75,	42,	0.2),
(10787,	2,	19.00,	15,	0.05),
(10787,	29,	123.79,	20,	0.05),
(10788,	19,	9.20,	50,	0.05),
(10788,	75,	7.75,	40,	0.05),
(10789,	18,	62.50,	30,	0),
(10789,	35,	18.00,	15,	0),
(10789,	63,	43.90,	30,	0),
(10789,	68,	12.50,	18,	0),
(10790,	7,	30.00,	3,	0.15),
(10790,	56,	38.00,	20,	0.15),
(10791,	29,	123.79,	14,	0.05),
(10791,	41,	9.65,	20,	0.05),
(10792,	2,	19.00,	10,	0),
(10792,	54,	7.45,	3,	0),
(10792,	68,	12.50,	15,	0),
(10793,	41,	9.65,	14,	0),
(10793,	52,	7.00,	8,	0),
(10794,	14,	23.25,	15,	0.2),
(10794,	54,	7.45,	6,	0.2),
(10795,	16,	17.45,	65,	0),
(10795,	17,	39.00,	35,	0.25),
(10796,	26,	31.23,	21,	0.2),
(10796,	44,	19.45,	10,	0),
(10796,	64,	33.25,	35,	0.2),
(10796,	69,	36.00,	24,	0.2),
(10797,	11,	21.00,	20,	0),
(10798,	62,	49.30,	2,	0),
(10798,	72,	34.80,	10,	0),
(10799,	13,	6.00,	20,	0.15),
(10799,	24,	4.50,	20,	0.15),
(10799,	59,	55.00,	25,	0),
(10800,	11,	21.00,	50,	0.1),
(10800,	51,	53.00,	10,	0.1),
(10800,	54,	7.45,	7,	0.1),
(10801,	17,	39.00,	40,	0.25),
(10801,	29,	123.79,	20,	0.25),
(10802,	30,	25.89,	25,	0.25),
(10802,	51,	53.00,	30,	0.25),
(10802,	55,	24.00,	60,	0.25),
(10802,	62,	49.30,	5,	0.25),
(10803,	19,	9.20,	24,	0.05),
(10803,	25,	14.00,	15,	0.05),
(10803,	59,	55.00,	15,	0.05),
(10804,	10,	31.00,	36,	0),
(10804,	28,	45.60,	24,	0),
(10804,	49,	20.00,	4,	0.15),
(10805,	34,	14.00,	10,	0),
(10805,	38,	263.50,	10,	0),
(10806,	2,	19.00,	20,	0.25),
(10806,	65,	21.05,	2,	0),
(10806,	74,	10.00,	15,	0.25),
(10807,	40,	18.40,	1,	0),
(10808,	56,	38.00,	20,	0.15),
(10808,	76,	18.00,	50,	0.15),
(10809,	52,	7.00,	20,	0),
(10810,	13,	6.00,	7,	0),
(10810,	25,	14.00,	5,	0),
(10810,	70,	15.00,	5,	0),
(10811,	19,	9.20,	15,	0),
(10811,	23,	9.00,	18,	0),
(10811,	40,	18.40,	30,	0),
(10812,	31,	12.50,	16,	0.1),
(10812,	72,	34.80,	40,	0.1),
(10812,	77,	13.00,	20,	0),
(10813,	2,	19.00,	12,	0.2),
(10813,	46,	12.00,	35,	0),
(10814,	41,	9.65,	20,	0),
(10814,	43,	46.00,	20,	0.15),
(10814,	48,	12.75,	8,	0.15),
(10814,	61,	28.50,	30,	0.15),
(10815,	33,	2.50,	16,	0),
(10816,	38,	263.50,	30,	0.05),
(10816,	62,	49.30,	20,	0.05),
(10817,	26,	31.23,	40,	0.15),
(10817,	38,	263.50,	30,	0),
(10817,	40,	18.40,	60,	0.15),
(10817,	62,	49.30,	25,	0.15),
(10818,	32,	32.00,	20,	0),
(10818,	41,	9.65,	20,	0),
(10819,	43,	46.00,	7,	0),
(10819,	75,	7.75,	20,	0),
(10820,	56,	38.00,	30,	0),
(10821,	35,	18.00,	20,	0),
(10821,	51,	53.00,	6,	0),
(10822,	62,	49.30,	3,	0),
(10822,	70,	15.00,	6,	0),
(10823,	11,	21.00,	20,	0.1),
(10823,	57,	19.50,	15,	0),
(10823,	59,	55.00,	40,	0.1),
(10823,	77,	13.00,	15,	0.1),
(10824,	41,	9.65,	12,	0),
(10824,	70,	15.00,	9,	0),
(10825,	26,	31.23,	12,	0),
(10825,	53,	32.80,	20,	0),
(10826,	31,	12.50,	35,	0),
(10826,	57,	19.50,	15,	0),
(10827,	10,	31.00,	15,	0),
(10827,	39,	18.00,	21,	0),
(10828,	20,	81.00,	5,	0),
(10828,	38,	263.50,	2,	0),
(10829,	2,	19.00,	10,	0),
(10829,	8,	40.00,	20,	0),
(10829,	13,	6.00,	10,	0),
(10829,	60,	34.00,	21,	0),
(10830,	6,	25.00,	6,	0),
(10830,	39,	18.00,	28,	0),
(10830,	60,	34.00,	30,	0),
(10830,	68,	12.50,	24,	0),
(10831,	19,	9.20,	2,	0),
(10831,	35,	18.00,	8,	0),
(10831,	38,	263.50,	8,	0),
(10831,	43,	46.00,	9,	0),
(10832,	13,	6.00,	3,	0.2),
(10832,	25,	14.00,	10,	0.2),
(10832,	44,	19.45,	16,	0.2),
(10832,	64,	33.25,	3,	0),
(10833,	7,	30.00,	20,	0.1),
(10833,	31,	12.50,	9,	0.1),
(10833,	53,	32.80,	9,	0.1),
(10834,	29,	123.79,	8,	0.05),
(10834,	30,	25.89,	20,	0.05),
(10835,	59,	55.00,	15,	0),
(10835,	77,	13.00,	2,	0.2),
(10836,	22,	21.00,	52,	0),
(10836,	35,	18.00,	6,	0),
(10836,	57,	19.50,	24,	0),
(10836,	60,	34.00,	60,	0),
(10836,	64,	33.25,	30,	0),
(10837,	13,	6.00,	6,	0),
(10837,	40,	18.40,	25,	0),
(10837,	47,	9.50,	40,	0.25),
(10837,	76,	18.00,	21,	0.25),
(10838,	1,	18.00,	4,	0.25),
(10838,	18,	62.50,	25,	0.25),
(10838,	36,	19.00,	50,	0.25),
(10839,	58,	13.25,	30,	0.1),
(10839,	72,	34.80,	15,	0.1),
(10840,	25,	14.00,	6,	0.2),
(10840,	39,	18.00,	10,	0.2),
(10841,	10,	31.00,	16,	0),
(10841,	56,	38.00,	30,	0),
(10841,	59,	55.00,	50,	0),
(10841,	77,	13.00,	15,	0),
(10842,	11,	21.00,	15,	0),
(10842,	43,	46.00,	5,	0),
(10842,	68,	12.50,	20,	0),
(10842,	70,	15.00,	12,	0),
(10843,	51,	53.00,	4,	0.25),
(10844,	22,	21.00,	35,	0),
(10845,	23,	9.00,	70,	0.1),
(10845,	35,	18.00,	25,	0.1),
(10845,	42,	14.00,	42,	0.1),
(10845,	58,	13.25,	60,	0.1),
(10845,	64,	33.25,	48,	0),
(10846,	4,	22.00,	21,	0),
(10846,	70,	15.00,	30,	0),
(10846,	74,	10.00,	20,	0),
(10847,	1,	18.00,	80,	0.2),
(10847,	19,	9.20,	12,	0.2),
(10847,	37,	26.00,	60,	0.2),
(10847,	45,	9.50,	36,	0.2),
(10847,	60,	34.00,	45,	0.2),
(10847,	71,	21.50,	55,	0.2),
(10848,	5,	21.35,	30,	0),
(10848,	9,	97.00,	3,	0),
(10849,	3,	10.00,	49,	0),
(10849,	26,	31.23,	18,	0.15),
(10850,	25,	14.00,	20,	0.15),
(10850,	33,	2.50,	4,	0.15),
(10850,	70,	15.00,	30,	0.15),
(10851,	2,	19.00,	5,	0.05),
(10851,	25,	14.00,	10,	0.05),
(10851,	57,	19.50,	10,	0.05),
(10851,	59,	55.00,	42,	0.05),
(10852,	2,	19.00,	15,	0),
(10852,	17,	39.00,	6,	0),
(10852,	62,	49.30,	50,	0),
(10853,	18,	62.50,	10,	0),
(10854,	10,	31.00,	100, 0.15),
(10854,	13,	6.00,	65,	0.15),
(10855,	16,	17.45,	50,	0),
(10855,	31,	12.50,	14,	0),
(10855,	56,	38.00,	24,	0),
(10855,	65,	21.05,	15,	0.15),
(10856,	2,	19.00,	20,	0),
(10856,	42,	14.00,	20,	0),
(10857,	3,	10.00,	30,	0),
(10857,	26,	31.23,	35,	0.25),
(10857,	29,	123.79,	10,	0.25),
(10858,	7,	30.00,	5,	0),
(10858,	27,	43.90,	10,	0),
(10858,	70,	15.00,	4,	0),
(10859,	24,	4.50,	40,	0.25),
(10859,	54,	7.45,	35,	0.25),
(10859,	64,	33.25,	30,	0.25),
(10860,	51,	53.00,	3,	0),
(10860,	76,	18.00,	20,	0),
(10861,	17,	39.00,	42,	0),
(10861,	18,	62.50,	20,	0),
(10861,	21,	10.00,	40,	0),
(10861,	33,	2.50,	35,	0),
(10861,	62,	49.30,	3,	0),
(10862,	11,	21.00,	25,	0),
(10862,	52,	7.00,	8,	0),
(10863,	1,	18.00,	20,	0.15),
(10863,	58,	13.25,	12,	0.15),
(10864,	35,	18.00,	4,	0),
(10864,	67,	14.00,	15,	0),
(10865,	38,	263.50,	60,	0.05),
(10865,	39,	18.00,	80,	0.05),
(10866,	2,	19.00,	21,	0.25),
(10866,	24,	4.50,	6,	0.25),
(10866,	30,	25.89,	40,	0.25),
(10867,	53,	32.80,	3,	0)
